0,1,2,3,4,5,6,7,8,9,10,11,12,13,14,15,16,17,18,19,20,21,22,23,24,25,26,27,28,29,30,31,32,33,34,35,36,37,38,39,40,41,42,43,44,45,46,47,48,49,50,51,52,53,54,55,56,57,58,59,60,61,62,63,64,65,66,67,68,69,70,71,72,73,74,75,76,77,78,79,80,81,82,83,84,85,86,87,88,89,90,91,92,93,94,95,96,97,98,99,
1.0,0.0,0.0,0.0,0.0,0.0,0.0,0.0,0.0,0.0,0.0,0.0,0.0,0.0,0.0,0.0,0.0,0.0,0.0,0.0,0.0,0.0,0.0,0.0,0.0,0.0,0.0,0.0,0.0,0.0,0.0,0.0,0.0,0.0,0.0,0.0,0.0,0.0,0.0,0.0,0.0,0.0,0.0,0.0,0.0,0.0,0.0,0.0,0.0,0.0,0.0,0.0,0.0,0.0,0.0,0.0,0.0,0.0,0.0,0.0,0.0,0.0,0.0,0.0,0.0,0.0,0.0,0.0,0.0,0.0,0.0,0.0,0.0,0.0,0.0,0.0,0.0,0.0,0.0,0.0,0.0,0.0,0.0,0.0,0.0,0.0,0.0,0.0,0.0,0.0,0.0,0.0,0.0,0.0,0.0,0.0,0.0,0.0,0.0,0.0,
0.0,9.995668929157624,0.028005379145245726,0.0018770184917086498,0.0003658619019738368,5.8199537053297114e-05,2.8557529540206394e-05,6.042337287001455e-07,0.0,0.0,0.0,0.20002694752192446,0.0011985414389867762,0.0,0.0,5.278964665095182e-06,4.024800866871669e-08,0.0,0.0,0.0,0.0,0.0001427777516087749,0.0,0.0,0.0,4.0248008668716684e-07,0.0,0.0,0.0,0.0,0.0,0.0,0.0,0.0,0.0,0.0,0.0,0.0,0.0,0.0,0.0,0.0,0.0,0.0,0.0,0.0,0.0,0.0,0.0,0.0,0.0,0.0,0.0,0.0,0.0,0.0,0.0,0.0,0.0,0.0,0.0,0.0,0.0,0.0,0.0,0.0,0.0,0.0,0.0,0.0,0.0,0.0,0.0,0.0,0.0,0.0,0.0,0.0,0.0,0.0,0.0,0.0,0.0,0.0,0.0,0.0,0.0,0.0,0.0,0.0,0.0,0.0,0.0,0.0,0.0,0.0,0.0,0.0,0.0,0.0,
0.0,8.746238681018262,5.34915082578421,0.1300559507072474,0.04430708742916861,0.007047713187558605,0.0034576437605473957,7.315846348021485e-05,0.0,0.0,0.0,7.588021521922073,0.09217723098177932,0.0,0.0,0.0006391582020678038,4.873085252417111e-06,0.0,0.0,0.0,0.0,0.005029095290748194,0.0,0.0,0.0,4.8730852524171025e-05,0.0,0.0,0.0,0.0,0.0,0.0,0.0,0.0,0.0,0.0,0.0,0.0,0.0,0.0,0.0,0.0,0.0,0.0,0.0,0.0,0.0,0.0,0.0,0.0,0.0,0.0,0.0,0.0,0.0,0.0,0.0,0.0,0.0,0.0,0.0,0.0,0.0,0.0,0.0,0.0,0.0,0.0,0.0,0.0,0.0,0.0,0.0,0.0,0.0,0.0,0.0,0.0,0.0,0.0,0.0,0.0,0.0,0.0,0.0,0.0,0.0,0.0,0.0,0.0,0.0,0.0,0.0,0.0,0.0,0.0,0.0,0.0,0.0,0.0,
0.0,6.4812572192020905,4.386228116167652,3.217861,0.5313222340000721,0.4554373292163789,0.049468865693043484,0.001731552318389614,0.0,0.0,0.0,4.405221461408093,0.41139121683190777,0.0,0.0,0.11986720329057943,0.000969471318113084,0.0,0.0,0.0,0.0,0.0,0.0,0.0,0.0,0.0006781612962337359,0.0,0.0,0.0,0.0,0.0,0.0,0.0,0.0,0.0,0.0,0.0,0.0,0.0,0.0,0.0,0.0,0.0,0.0,0.0,0.0,0.0,0.0,0.0,0.0,0.0,0.0,0.0,0.0,0.0,0.0,0.0,0.0,0.0,0.0,0.0,0.0,0.0,0.0,0.0,0.0,0.0,0.0,0.0,0.0,0.0,0.0,0.0,0.0,0.0,0.0,0.0,0.0,0.0,0.0,0.0,0.0,0.0,0.0,0.0,0.0,0.0,0.0,0.0,0.0,0.0,0.0,0.0,0.0,0.0,0.0,0.0,0.0,0.0,0.0,
0.0,0.09269510336490823,0.4340679118239299,2.652065562407527,3.8282535100000006,3.958551228193562,0.394430320285339,0.02856356262105278,0.0031408893542931755,4.750503106454789e-05,0.0,0.09707245582145245,0.05907644172654827,0.0,0.006377430175316098,0.9808854278368229,0.017887259316020407,0.0015561939736079087,6.204711580803989e-05,4.155268962477117e-05,0.0,0.0,0.0,5.314409999999996e-05,0.0,0.00487812692006878,0.0005952565580428703,0.0,0.0,3.338102847784874e-05,0.0,0.0,0.0,0.0,0.0,0.0,0.0,0.0,0.0,0.0,0.0,0.0,0.0,0.0,0.0,0.0,0.0,0.0,0.0,0.0,0.0,0.0,0.0,0.0,0.0,0.0,0.0,0.0,0.0,0.0,0.0,0.0,0.0,0.0,0.0,0.0,0.0,0.0,0.0,0.0,0.0,0.0,0.0,0.0,0.0,0.0,0.0,0.0,0.0,0.0,0.0,0.0,0.0,0.0,0.0,0.0,0.0,0.0,0.0,0.0,0.0,0.0,0.0,0.0,0.0,0.0,0.0,0.0,0.0,0.0,
0.0,0.005026036226519103,0.0003172973804909996,0.07832424348738543,0.36812522487863175,7.097720613277557,3.0791161559920024,2.083146002221896,0.5659238815542564,0.05032140365722673,0.0,0.003167144990311746,0.004884474230999997,0.0,0.0818492637129813,0.2326436088863483,0.20983461512953147,1.1424367360362342,0.008416292782208094,0.004894429724164505,0.0,0.0,0.0,5.970509999999999e-05,0.0,0.002625350994971295,0.026331899797697227,0.0007090225415910001,0.000808188157848627,0.0037109113738498624,0.0,0.0,0.0,0.0,0.0,0.0,0.0,2.0817881134014494e-05,0.001009603884388336,2.0817881134014484e-06,0.0,0.0,0.0,0.0,0.0,0.0,0.0,0.0,0.0,0.0,0.0,0.0,0.0,0.0,0.0,0.0,0.0,0.0,0.0,0.0,0.0,0.0,0.0,0.0,0.0,0.0,0.0,0.0,0.0,0.0,0.0,0.0,0.0,0.0,0.0,0.0,0.0,0.0,0.0,0.0,0.0,0.0,0.0,0.0,0.0,0.0,0.0,0.0,0.0,0.0,0.0,0.0,0.0,0.0,0.0,0.0,0.0,0.0,0.0,0.0,
0.0,0.23059684227005667,0.028242953648099988,0.1430103844186944,0.020858969636346314,5.9777806850672395,5.34915082578421,1.2433397873325616,0.33829633570577466,0.007682938454989741,0.0,0.28191070792884787,0.0043046720999999994,0.0,0.6457085794186201,0.6226420987659476,1.0138941593812747,0.2993914646213318,0.006208716366062104,0.004157950950135642,0.0,0.0,0.0,0.005314409999999998,0.0,0.0019338244569776916,0.060005789948968186,0.0,0.0,0.0033402574016107487,0.0,0.0,0.0,0.0,0.0,0.0,0.0,0.0,0.0,0.0,0.0,0.0,0.0,0.0,0.0,0.0,0.0,0.0,0.0,0.0,0.0,0.0,0.0,0.0,0.0,0.0,0.0,0.0,0.0,0.0,0.0,0.0,0.0,0.0,0.0,0.0,0.0,0.0,0.0,0.0,0.0,0.0,0.0,0.0,0.0,0.0,0.0,0.0,0.0,0.0,0.0,0.0,0.0,0.0,0.0,0.0,0.0,0.0,0.0,0.0,0.0,0.0,0.0,0.0,0.0,0.0,0.0,0.0,0.0,0.0,
0.0,2.5989828436017782e-05,0.0,0.0006673966512274971,0.05311904477550969,0.3052318407914567,0.09462976489442887,2.5471,0.9370898415650446,0.06584994054477422,0.0,0.0,0.0,0.0,0.011294796860509507,0.1293346714373393,0.1009161905776762,3.1290221601777457,0.19584430878895653,0.005302292975249465,0.0,0.0,0.0,0.0,0.0,0.09638337362896832,1.2111740703244092,0.6130896974844448,0.09281400112893547,0.004042702764458075,0.0,0.0,0.0,0.0,0.0,0.0004484275161259258,0.0040513042270637805,0.007174336806131555,0.11318228601600278,0.00023338018139507018,0.0,0.0,0.0,0.0,0.0,0.0,0.0,0.0,0.0,0.0,0.0,0.0,0.0,0.0,0.0,0.0,0.0,0.0,0.0,0.0,0.0,0.0,0.0,0.0,0.0,0.0,0.0,0.0,0.0,0.0,0.0,0.0,0.0,0.0,0.0,0.0,0.0,0.0,0.0,0.0,0.0,0.0,0.0,0.0,0.0,0.0,0.0,0.0,0.0,0.0,0.0,0.0,0.0,0.0,0.0,0.0,0.0,0.0,0.0,0.0,
0.0,0.00021051761033174415,0.0,0.005405912874942731,0.014040892077337752,0.5218444240699525,0.6212660216642345,2.0921429317691618,6.495254936937033,1.1875975260653808,0.0,0.0,0.0,0.0,0.09150066045412672,0.12088444917979527,0.6596521576933716,0.24651941253122403,0.22693914635055992,0.10964912986542708,0.0,0.0,0.0,0.0,0.0,0.0012523744160668321,0.16504970096434768,0.04925350130286449,0.04921043209031328,0.05180525584038681,0.0,0.0,0.0,0.0,0.0,0.00013707550302586983,0.0010231078273411024,0.0005634126281420975,0.030070653523000312,0.0017009040220862161,0.0,0.0,0.0,0.0,0.0,0.0,0.0,0.0,0.0,0.0,0.0,0.0,0.0,0.0,0.0,0.0,0.0,0.0,0.0005744877209999987,0.0,0.0,0.0,0.0,0.0,0.0,0.0,0.0,0.0,0.0,0.0,0.0,0.0,0.0,0.0,0.0,0.0,0.0,0.0,0.0,0.0,0.0,0.0,0.0,0.0,0.0,0.0,0.0,0.0,0.0,0.0,0.0,0.0,0.0,0.0,0.0,0.0,0.0,0.0,0.0,0.0,
0.0,0.0,0.0,0.0,0.0032207159754911348,0.026589141194095202,0.10321068136214188,0.2436645148914458,5.717473622600892,8.500215145657602,0.0,0.0,0.0,0.0,0.0002566429773562687,0.007725074426075472,0.007984659761804782,0.25476594477835546,0.33802359055363146,0.6678192466764916,0.0,0.0,0.0,0.0,0.0,0.006522849022541237,0.009577986312965109,0.41008867026059836,0.36932290865563044,0.20972822009203124,0.0,0.0,0.0,0.0,0.0,0.001215646669126053,0.009073376314579544,0.0019647514237565293,0.14186256155567858,0.023353868070123254,0.0,0.0,0.0,0.0,0.0,0.0,0.0,0.0,0.0,0.0,0.0,0.0,0.0,0.0,0.0,0.0,0.0,0.0,0.008083335223207703,0.0,0.0,0.0,0.0,0.0,0.0,0.0,0.0,0.0,0.0,0.0,0.0,0.0,0.0,0.0,0.0,0.0,0.0,0.0,0.0,0.0,0.0,0.0,0.0,0.0,0.0,0.0,0.0,0.0,0.0,0.0,0.0,0.0,0.0,0.0,0.0,0.0,0.0,0.0,0.0,0.0,
0.0,0.0,0.0,0.0,0.0,0.0,0.0,0.0,0.0,0.0,1.0,0.0,0.0,0.0,0.0,0.0,0.0,0.0,0.0,0.0,0.0,0.0,0.0,0.0,0.0,0.0,0.0,0.0,0.0,0.0,0.0,0.0,0.0,0.0,0.0,0.0,0.0,0.0,0.0,0.0,0.0,0.0,0.0,0.0,0.0,0.0,0.0,0.0,0.0,0.0,0.0,0.0,0.0,0.0,0.0,0.0,0.0,0.0,0.0,0.0,0.0,0.0,0.0,0.0,0.0,0.0,0.0,0.0,0.0,0.0,0.0,0.0,0.0,0.0,0.0,0.0,0.0,0.0,0.0,0.0,0.0,0.0,0.0,0.0,0.0,0.0,0.0,0.0,0.0,0.0,0.0,0.0,0.0,0.0,0.0,0.0,0.0,0.0,0.0,0.0,
0.0,0.6428058801422569,0.16970137881919456,0.052799891724673406,0.0,0.0,0.0,0.0,0.0,0.0,0.0,9.999999580577493,1.4661577622369661,0.6561000000000001,0.0,0.0,0.0,0.0,0.0,0.0,0.0,0.0006975273151319699,0.0,0.0,0.0,0.0,0.0,0.0,0.0,0.0,0.0,0.0,0.0,0.0,0.0,0.0,0.0,0.0,0.0,0.0,0.0,0.0,0.0,0.0,0.0,0.0,0.0,0.0,0.0,0.0,0.0,0.0,0.0,0.0,0.0,0.0,0.0,0.0,0.0,0.0,0.0,0.0,0.0,0.0,0.0,0.0,0.0,0.0,0.0,0.0,0.0,0.0,0.0,0.0,0.0,0.0,0.0,0.0,0.0,0.0,0.0,0.0,0.0,0.0,0.0,0.0,0.0,0.0,0.0,0.0,0.0,0.0,0.0,0.0,0.0,0.0,0.0,0.0,0.0,0.0,
0.0,0.3769110828179217,3.52855260195812,2.6119005741000003,1.3098921007711264,0.6296707841353562,0.10383781007371859,0.002553519437338237,0.0,0.0,0.0,0.6538019138525177,2.5471,0.07370999999999994,0.0,0.15424961340682566,0.0012436169953410296,0.0,0.0,0.0,0.0,0.0,0.0,0.0,0.0,0.0014717396475002874,0.0,0.0,0.0,0.0,0.0,0.0,0.0,0.0,0.0,0.0,0.0,0.0,0.0,0.0,0.0,0.0,0.0,0.0,0.0,0.0,0.0,0.0,0.0,0.0,0.0,0.0,0.0,0.0,0.0,0.0,0.0,0.0,0.0,0.0,0.0,0.0,0.0,0.0,0.0,0.0,0.0,0.0,0.0,0.0,0.0,0.0,0.0,0.0,0.0,0.0,0.0,0.0,0.0,0.0,0.0,0.0,0.0,0.0,0.0,0.0,0.0,0.0,0.0,0.0,0.0,0.0,0.0,0.0,0.0,0.0,0.0,0.0,0.0,0.0,
0.0,2.305650162812182,0.2859942367475564,1.3647602420924374,0.027027615103220444,5.523213414016288,0.2893642476510133,0.04641015791354499,0.028726564958099998,0.0034867844009999977,0.0,3.475206759733514,0.04744758392099998,1.0,1.202202,0.031305590831918875,0.011111815430077858,0.17101032677010009,0.0,0.0,0.0,0.809614487100843,0.0,0.05314409999999998,0.0,0.00012021787057858804,0.0,0.0,0.0,0.0,0.0,0.0,0.0,0.0,0.0,0.0,0.0,0.0,0.0,0.0,0.0,0.0,0.0,0.0,0.0,0.0,0.0,0.0,0.0,0.0,0.0,0.0,0.0,0.0,0.0,0.0,0.0,0.0,0.0,0.0,0.0,0.0,0.0,0.0,0.0,0.0,0.0,0.0,0.0,0.0,0.0,0.0,0.0,0.0,0.0,0.0,0.0,0.0,0.0,0.0,0.0,0.0,0.0,0.0,0.0,0.0,0.0,0.0,0.0,0.0,0.0,0.0,0.0,0.0,0.0,0.0,0.0,0.0,0.0,0.0,
0.0,0.3510121173207019,0.04304672100000001,0.20631510000000008,0.0010843066645848786,0.5318531759321325,0.0,0.0,0.0,0.0,0.0,0.42967643336206063,0.006560999999999997,0.81,1.81,0.002063150999999999,0.0016716956264099993,0.0,0.0,0.0,0.0,0.0,0.0,0.008099999999999996,0.0,5.433164099999994e-06,0.0,0.0,0.0,0.0,0.0,0.0,0.0,0.0,0.0,0.0,0.0,0.0,0.0,0.0,0.0,0.0,0.0,0.0,0.0,0.0,0.0,0.0,0.0,0.0,0.0,0.0,0.0,0.0,0.0,0.0,0.0,0.0,0.0,0.0,0.0,0.0,0.0,0.0,0.0,0.0,0.0,0.0,0.0,0.0,0.0,0.0,0.0,0.0,0.0,0.0,0.0,0.0,0.0,0.0,0.0,0.0,0.0,0.0,0.0,0.0,0.0,0.0,0.0,0.0,0.0,0.0,0.0,0.0,0.0,0.0,0.0,0.0,0.0,0.0,
0.0,0.0004400862920999997,0.0,0.011301041033099993,0.0250986702986081,0.02908783914553265,0.059705099999999955,0.0,0.0,0.0,0.0,0.0,0.0,0.0,1.4661,3.217861,0.32334237813077094,0.0,0.0,0.0,0.0,0.0,0.0,0.6561000000000001,0.0,0.0004455327977099996,0.0,0.0,0.0,0.0,0.0,0.0,0.0,0.0,0.0,0.0,0.0,0.0,0.0,0.0,0.0,0.0,0.0,0.0,0.0,0.0,0.0,0.0,0.0,0.0,0.0,0.0,0.0,0.0,0.0,0.0,0.0,0.0,0.0,0.0,0.0,0.0,0.0,0.0,0.0,0.0,0.0,0.0,0.0,0.0,0.0,0.0,0.0,0.0,0.0,0.0,0.0,0.0,0.0,0.0,0.0,0.0,0.0,0.0,0.0,0.0,0.0,0.0,0.0,0.0,0.0,0.0,0.0,0.0,0.0,0.0,0.0,0.0,0.0,0.0,
0.0,0.00039172516109999955,0.0,0.010059168392099999,0.029924704143131114,0.040030140916378625,0.05321781000000003,0.0,0.0,0.0,0.0,0.0,0.0,0.0,0.013341509999999987,0.5875760202210001,3.217861,0.0,0.0,0.0,0.0,0.0,0.0,0.0,0.0,1.4661448958410912,0.0007370999999999983,0.0,0.0,0.0,0.0,0.0,0.0,0.0,0.6561000000000001,2.5007595317532982,0.06560999999999997,0.0,0.0,0.0,0.0,0.0,0.0,0.0,0.0,0.0,0.0,0.0,0.0,0.0,0.0,0.0,0.0,0.0,0.0,0.0,0.0,0.0,0.0,0.0,0.0,0.0,0.0,0.0,0.0,0.0,0.0,0.0,0.0,0.0,0.0,0.0,0.0,0.0,0.0,0.0,0.0,0.0,0.0,0.0,0.0,0.0,0.0,0.0,0.0,0.0,0.0,0.0,0.0,0.0,0.0,0.0,0.0,0.0,0.0,0.0,0.0,0.0,0.0,0.0,
0.0,0.003172973804909999,0.0,0.08147926397600995,0.18539535639871846,0.08796615806162553,0.4334513440686788,0.0013423464704409114,0.0498803753961935,2.0901075695981447e-05,0.0,0.0,0.0,0.0,0.10806623099999992,1.8085259284796529,2.608884185902942,3.8282535100000006,0.02128369671955546,8.880531176197503e-05,0.0,0.0,0.0,0.0,0.0,0.012250846735732096,0.15299409439231204,0.07541682884099998,0.011157936899929013,7.157624827602187e-05,0.0,0.0,0.0,0.0,0.0,5.459196625403229e-05,0.0004944179330999988,0.0008802291232638607,0.01371598953757959,2.8282165336726052e-05,0.0,0.0,0.0,0.0,0.0,0.0,0.0,0.0,0.0,0.0,0.0,0.0,0.0,0.0,0.0,0.0,0.0,0.0,0.0,0.0,0.0,0.0,0.0,0.0,0.0,0.0,0.0,0.0,0.0,0.0,0.0,0.0,0.0,0.0,0.0,0.0,0.0,0.0,0.0,0.0,0.0,0.0,0.0,0.0,0.0,0.0,0.0,0.0,0.0,0.0,0.0,0.0,0.0,0.0,0.0,0.0,0.0,0.0,0.0,0.0,
0.0,0.0,0.0,0.0,0.006483447623304457,1.5501320650383261,1.1513274782019964,0.5192394678270331,5.385047660722658,4.505282292512759,0.0,0.0,0.0,0.0,0.0077914565010000075,0.039537266661357935,0.18720535067259503,1.7228998875293444,3.8282535100000006,0.02571935513274428,0.0,0.0,0.0,0.0,0.0,0.005789564831661524,0.05977206919065965,0.2552047770661383,0.2808694557999294,0.01854003512979864,0.0,0.0,0.0,0.0,0.0,0.0007083553748828332,0.005287041904526096,0.00516246182656107,0.24190583648268316,0.0004988062177050615,0.0,0.0,0.0,0.0,0.0,0.0,0.0,0.0,0.0,0.0,0.0,0.0,0.0,0.0,0.0,0.0,0.0,0.0,0.0,0.0,0.0,0.0,0.0,0.0,0.0,0.0,0.0,0.0,0.0,0.0,0.0,0.0,0.0,0.0,0.0,0.0,0.0,0.0,0.0,0.0,0.0,0.0,0.0,0.0,0.0,0.0,0.0,0.0,0.0,0.0,0.0,0.0,0.0,0.0,0.0,0.0,0.0,0.0,0.0,0.0,
0.0,0.0,0.0,0.0,0.013843510875935872,0.07687566922907912,0.11180538377882492,0.08700674867516842,4.644783908504158,6.87856865598434,0.0,0.0,0.0,0.0,0.001568569680535728,0.03288326288873402,0.01571099850089735,1.0667954320713966,0.38719747765866247,1.0,0.0,0.0,0.0,0.0,0.0,0.028222481600058434,0.0353160608619577,1.6031955820934152,1.3372199892018999,0.1747203322386907,0.0,0.0,0.0,0.0,0.0,0.005275044302577904,0.03937201758449861,0.003258115690202513,0.3574687074334748,0.10112239370969361,0.0,0.0,0.0,0.0,0.0,0.0,0.0,0.0,0.0,0.0,0.0,0.0,0.0,0.0,0.0,0.0,0.0,0.0,0.035183983433696074,0.0,0.0,0.0,0.0,0.0,0.0,0.0,0.0,0.0,0.0,0.0,0.0,0.0,0.0,0.0,0.0,0.0,0.0,0.0,0.0,0.0,0.0,0.0,0.0,0.0,0.0,0.0,0.0,0.0,0.0,0.0,0.0,0.0,0.0,0.0,0.0,0.0,0.0,0.0,0.0,0.0,
0.0,0.0,0.0,0.0,0.0,0.0,0.0,0.0,0.0,0.0,0.0,0.0,0.0,0.0,0.0,0.0,0.0,0.0,0.0,0.0,1.0,0.0,0.0,0.0,0.0,0.0,0.0,0.0,0.0,0.0,0.0,0.0,0.0,0.0,0.0,0.0,0.0,0.0,0.0,0.0,0.0,0.0,0.0,0.0,0.0,0.0,0.0,0.0,0.0,0.0,0.0,0.0,0.0,0.0,0.0,0.0,0.0,0.0,0.0,0.0,0.0,0.0,0.0,0.0,0.0,0.0,0.0,0.0,0.0,0.0,0.0,0.0,0.0,0.0,0.0,0.0,0.0,0.0,0.0,0.0,0.0,0.0,0.0,0.0,0.0,0.0,0.0,0.0,0.0,0.0,0.0,0.0,0.0,0.0,0.0,0.0,0.0,0.0,0.0,0.0,
0.0,0.0021571811439799176,0.0032878858878323245,0.0026631865975060703,0.0,0.0,0.0,0.0,0.0,0.0,0.0,0.605150705259857,0.00405911689911,0.0,0.0,0.0,0.0,0.0,0.0,0.0,0.0,9.995668929157624,0.0,0.0,0.0,0.0,0.0,0.0,0.0,0.0,0.0,7.2582525582979605,0.0,0.0,0.0,0.0,0.0,0.0,0.0,0.0,0.0,0.0,0.0,0.0,0.0,0.0,0.0,0.0,0.0,0.0,0.0,0.0,0.0,0.0,0.0,0.0,0.0,0.0,0.0,0.0,0.0,0.0,0.0,0.0,0.0,0.0,0.0,0.0,0.0,0.0,0.0,0.0,0.0,0.0,0.0,0.0,0.0,0.0,0.0,0.0,0.0,0.0,0.0,0.0,0.0,0.0,0.0,0.0,0.0,0.0,0.0,0.0,0.0,0.0,0.0,0.0,0.0,0.0,0.0,0.0,
0.0,0.0,0.0,0.0,0.0,0.0,0.0,0.0,0.0,0.0,0.0,0.0,0.0,0.0,0.05970509999999996,0.0,0.0,0.0,0.0,0.0,0.0,0.0,1.81,1.4661,0.0,0.0,0.0,0.0,0.0,0.0,0.0,0.0,0.0,0.08099999999999996,0.0,0.0,0.0,0.0,0.0,0.0,0.0,0.0,0.0,0.0,0.0,0.0,0.0,0.0,0.0,0.0,0.0,0.0,0.0,0.0,0.0,0.0,0.0,0.0,0.0,0.0,0.0,0.0,0.0,0.0,0.0,0.0,0.0,0.0,0.0,0.0,0.0,0.0,0.0,0.0,0.0,0.0,0.0,0.0,0.0,0.0,0.0,0.0,0.0,0.0,0.0,0.0,0.0,0.0,0.0,0.0,0.0,0.0,0.0,0.0,0.0,0.0,0.0,0.0,0.0,0.0,
0.0,0.02691468124447556,0.011329784572742913,0.36934503450096784,3.1008853431000003,4.839024027717252,1.2521964387191376,0.14532642016983427,0.02544120376977473,0.00038479075162283817,0.0,0.026034166663911368,0.038314251171287075,0.0,0.05239428442006044,0.321542296540492,0.08311613908802473,0.012605171186224064,0.0005025816380451237,0.00033657678596064655,0.0,0.0,0.008099999999999996,1.81,0.08099999999999996,0.013382183503250239,0.004821578120147254,0.0,0.0,0.00027038633067057486,0.0,0.0,0.0,0.0,0.0,0.0,0.0,0.0,0.0,0.0,0.0,0.0,0.0,0.0,0.0,0.0,0.0,0.0,0.0,0.0,0.0,0.0,0.0,0.0,0.0,0.0,0.0,0.0,0.0,0.0,0.0,0.0,0.0,0.0,0.0,0.0,0.0,0.0,0.0,0.0,0.0,0.0,0.0,0.0,0.0,0.0,0.0,0.0,0.0,0.0,0.0,0.0,0.0,0.0,0.0,0.0,0.0,0.0,0.0,0.0,0.0,0.0,0.0,0.0,0.0,0.0,0.0,0.0,0.0,0.0,
0.0,0.0,0.0,0.0,0.06967638626241078,0.292647404179809,0.0,0.0,0.0,0.0,0.0,0.0,0.0,0.0,0.0,0.15474552182099993,0.012569375685376515,0.0,0.0,0.0,0.0,0.0,0.0,0.0,1.0,1.19941641,1.4661,0.06560999999999997,0.0,0.0,0.0,0.0,0.0,0.0,0.0,1.3857682319378104,0.53192461131,0.0005970509999999987,0.0,0.0,0.0,0.0,0.0,0.0,0.0,0.0,0.0,0.0,0.0,0.0,0.0,0.0,0.0,0.0,0.0,0.0,0.0,0.0,0.0,0.0,0.0,0.0,0.0,0.0,0.0,0.0,0.0,0.0,0.0,0.0,0.0,0.0,0.0,0.0,0.0,0.0,0.0,0.0,0.0,0.0,0.0,0.0,0.0,0.0,0.0,0.0,0.0,0.0,0.0,0.0,0.0,0.0,0.0,0.0,0.0,0.0,0.0,0.0,0.0,0.0,
0.0,0.0,0.0,0.0,0.0008785455584485978,0.0036899743360023565,0.0,0.0,0.0,0.0,0.0,0.0,0.0,0.0,0.0,0.04504094513100004,0.003648757722565406,0.0,0.0,0.0,0.0,0.0,0.0,0.04836113099999997,0.0,2.5471,0.0,0.0,0.0,0.0,0.0,0.0,0.05970509999999996,1.1875410000000002,1.5398100000000001,0.3071225161776505,0.007370999999999989,0.0,0.0,0.0,0.0,0.0,0.0,0.0,0.0,0.0,0.0,0.0,0.0,0.0,0.0,0.0,0.0,0.0,0.0,0.0,0.0,0.0,0.0,0.0,0.0,0.0,0.0,0.0,0.0,0.0,0.0,0.0,0.0,0.0,0.0,0.0,0.0,0.0,0.0,0.0,0.0,0.0,0.0,0.0,0.0,0.0,0.0,0.0,0.0,0.0,0.0,0.0,0.0,0.0,0.0,0.0,0.0,0.0,0.0,0.0,0.0,0.0,0.0,0.0,
0.0,0.0,0.0,0.0,0.012488202489452288,0.3826786268385825,0.26518484860394786,0.11605544681134983,2.660947168940527,0.0037390484591794744,0.0,0.0,0.0,0.0,0.0,0.031411767332972074,0.07785038987111358,2.3826818234166125,2.5718814608955514,0.01148685982823479,0.0,0.0,0.0,0.0,0.0,0.15440527265889936,1.81,0.6711867256684663,3.1008853431000003,0.00568612827665538,0.0,0.0,0.0,0.0,0.0,0.17218633391735239,0.07390854703328742,0.01591617433721975,0.7777926295164407,0.02007093653927154,0.0,0.0,0.0,0.0,0.0,0.0,0.0,0.0,0.0,0.0,0.0,0.0,0.0,0.0,0.0,0.0,0.0,0.0,0.00048361130999999963,0.0,0.0,0.0,0.0,0.0,0.0,0.0,0.0,0.0,0.0,0.0,0.0,0.0,0.0,0.0,0.0,0.0,0.0,0.0,0.0,0.0,0.0,0.0,0.0,0.0,0.0,0.0,0.0,0.0,0.0,0.0,0.0,0.0,0.0,0.0,0.0,0.0,0.0,0.0,0.0,0.0,
0.0,0.0,0.0,0.0,0.0027750426382665144,0.011862772771457863,0.016752291023422433,0.005663088440099995,0.0066371789252870975,0.002781378751195617,0.0,0.0,0.0,0.0,0.0,0.05019804391289054,0.004065232547652981,0.21166061562000005,0.06789982343350587,0.007082124454672545,0.0,0.0,0.0,0.0,0.0,0.11215877917417649,0.66251914599681,3.217861,0.2630357112965309,0.0017824987594728045,0.0,0.0,0.0,0.0,0.0,4.333873939435774,0.4383920816010002,0.5320613726776595,0.07013796644828585,0.020380804829733146,0.0,0.0,0.0,0.0,0.0,0.0,0.0,0.0,0.0,0.0,0.0,0.0,0.0,0.0,0.0,0.0,0.0,0.0,0.007092440999999991,0.0,0.0,0.0,0.0,0.0,0.0,0.0,0.0,0.0,0.0,0.0,0.0,0.0,0.0,0.0,0.0,0.0,0.0,0.0,0.0,0.0,0.0,0.0,0.0,0.0,0.0,0.0,0.0,0.0,0.0,0.0,0.0,0.0,0.0,0.0,0.0,0.0,0.0,0.0,0.0,0.0,
0.0,0.0,0.0,0.0,0.0004797752461843125,0.04278386638031867,0.04300438952516317,0.047432956771443824,0.373355392172098,0.3844394763384933,0.0,0.0,0.0,0.0,0.0,0.00151942986703359,0.009419582110511249,0.2980755014155201,0.3301659928487921,0.402412211040239,0.0,0.0,0.0,0.0,0.0,0.0007813793406048642,0.0037972779459099007,0.08186255872450199,3.8282535100000006,1.466801991145266,0.0,0.0,0.0,0.0,0.0,0.00013627606756202787,0.004934392590418198,0.09853632063447854,2.6087100297654815,1.3576912282941151,0.0,0.0,0.0,0.0,0.0,0.0,0.0,0.04304672099999997,0.0,0.0,0.0,0.0,0.0,0.0,0.0,0.0,0.0,0.0,0.035458990109999984,0.0,0.0,0.0,0.0,0.0,0.0,0.0,0.0,0.0,0.0,0.0,0.0,0.0,0.0,0.0,0.0,0.0,0.0,0.0,0.0,0.0,0.0,0.0,0.0,0.0,0.0,0.0,0.0,0.0,0.0,0.0,0.0,0.0,0.0,0.0,0.0,0.0,0.0,0.0,0.0,0.0,
0.0,0.0,0.0,0.0,0.0,0.0,0.0012673480650796203,0.0040870523249099955,0.005536221729209999,0.04758056437145697,0.0,0.0,0.0,0.0,0.0,0.0,0.0,0.00048361130999999887,0.0015679140478270341,0.05030140875146066,0.0,0.0,0.0,0.0,0.0,0.0,0.0,0.0,0.24366977436353654,1.81,0.0,0.0,0.0,0.0,0.0,0.0,0.0009417114870617378,0.34477515426161837,1.8696317126458917,0.4444640134976263,0.0,0.0,0.0,0.0,0.0,0.0,0.0,4.478840497931959,0.01546932641359105,3.96023315262111,0.0,0.0,0.0,0.0,0.0,0.0,0.0,4.152109429713743,0.004432431086170363,0.17487634118388898,0.0,0.0,0.0,0.0,0.0,0.0,0.0,0.0,0.0,7.998000647600676e-05,0.0,0.0,0.0,0.0,0.0,0.0,0.0,0.0,0.0,2.9274540150492024e-05,0.0,0.0,0.0,0.0,0.0,0.0,0.0,0.0,0.0,2.3712377521898468e-06,0.0,0.0,0.0,0.0,0.0,0.0,0.0,0.0,0.0,0.0,
0.0,0.0,0.0,0.0,0.0,0.0,0.0,0.0,0.0,0.0,0.0,0.0,0.0,0.0,0.0,0.0,0.0,0.0,0.0,0.0,0.0,0.0,0.0,0.0,0.0,0.0,0.0,0.0,0.0,0.0,1.0,0.0,0.0,0.0,0.0,0.0,0.0,0.0,0.0,0.0,0.0,0.0,0.0,0.0,0.0,0.0,0.0,0.0,0.0,0.0,0.0,0.0,0.0,0.0,0.0,0.0,0.0,0.0,0.0,0.0,0.0,0.0,0.0,0.0,0.0,0.0,0.0,0.0,0.0,0.0,0.0,0.0,0.0,0.0,0.0,0.0,0.0,0.0,0.0,0.0,0.0,0.0,0.0,0.0,0.0,0.0,0.0,0.0,0.0,0.0,0.0,0.0,0.0,0.0,0.0,0.0,0.0,0.0,0.0,0.0,
0.0,0.0015557690892117621,0.002371238617313226,0.0019207025792737794,0.0,0.004304672099999993,0.0,0.0,0.0,0.0,0.0,0.43643750743203613,0.0029274540150491996,0.06560999999999997,0.009619082099999992,0.0,0.0,0.0,0.0,0.0,0.0,0.6048629833130397,0.0,0.0006560999999999993,0.0,0.0,0.0,0.0,0.0,0.0,0.0,8.971523121050794,0.8697051,0.0,0.0,0.0,0.0,0.0,0.0,0.0,0.0,0.7298100000000001,0.006560999999999997,0.0,0.0,0.0,0.0,0.0,0.0,0.0,0.0,0.0,0.5314410000000002,0.0,0.0,0.0,0.0,0.0,0.0,0.0,0.0,0.0,0.0,0.0,0.0,0.0,0.0,0.0,0.0,0.0,0.0,0.0,0.0,0.0,0.0,0.0,0.0,0.0,0.0,0.0,0.0,0.0,0.0,0.0,0.0,0.0,0.0,0.0,0.0,0.0,0.0,0.0,0.0,0.0,0.0,0.0,0.0,0.0,0.0,0.0,
0.0,0.00018944271831953206,0.0002887407215910573,0.000233879899159916,0.0,0.0005314409999999988,0.0,0.0,0.0,0.0,0.0,0.05314407411604766,0.0003564698966009999,0.008099999999999996,0.0011875409999999986,0.0,0.0,0.0,0.0,0.0,0.0,0.06557877345516827,1.4661,8.099999999999991e-05,0.0,0.0,0.0,0.0,0.0,0.0,0.0,0.0,1.0,0.6561000000000001,0.0,0.0,0.0,0.0,0.0,0.0,0.0,0.08099999999999996,0.0008099999999999991,0.0,0.0,0.0,0.0,0.0,0.0,0.0,0.0,0.0,0.06560999999999995,0.0,0.0,0.0,0.0,0.0,0.0,0.0,0.0,0.0,0.0,0.0,0.0,0.0,0.0,0.0,0.0,0.0,0.0,0.0,0.0,0.0,0.0,0.0,0.0,0.0,0.0,0.0,0.0,0.0,0.0,0.0,0.0,0.0,0.0,0.0,0.0,0.0,0.0,0.0,0.0,0.0,0.0,0.0,0.0,0.0,0.0,0.0,
0.0,0.0015344860183882092,0.0023387998448875617,0.0018944271831953206,0.0,0.004304672099999997,0.0,0.0,0.0,0.0,0.0,0.4304670003399864,0.0028874061624680966,0.06560999999999995,0.01558959209999998,0.0,0.0,0.0,0.0,0.0,0.0,0.5311880649868632,0.06560999999999997,1.4667561,0.6561000000000001,0.0,0.0,0.0,0.0,0.0,0.0,0.0,0.08099999999999996,1.81,0.008099999999999996,0.0,0.0,0.0,0.0,0.0,0.0,0.0,0.006560999999999997,0.0,0.0,0.0,0.0,0.0,0.0,0.0,0.0,0.0,0.0,0.0,0.0,0.0,0.0,0.0,0.0,0.0,0.0,0.0,0.0,0.0,0.0,0.0,0.0,0.0,0.0,0.0,0.0,0.0,0.0,0.0,0.0,0.0,0.0,0.0,0.0,0.0,0.0,0.0,0.0,0.0,0.0,0.0,0.0,0.0,0.0,0.0,0.0,0.0,0.0,0.0,0.0,0.0,0.0,0.0,0.0,0.0,
0.0,0.0,0.0,0.0,0.0,0.0,0.0,0.0,0.0,0.0,0.0,0.0,0.0,0.0,0.0,0.00044008629210000056,3.564698966009993e-05,0.0,0.0,0.0,0.0,0.0,0.0,0.005433164099999999,0.0,0.0010648382798608986,0.0,0.0,0.0,0.0,0.0,0.0,0.006707609999999996,0.1334150999999999,2.5471,0.0029404221688852095,0.0,0.0,0.0,0.0,0.0,0.0,0.0,0.81,0.0,0.0,0.0,0.0,0.0,0.0,0.0,0.0,0.0,0.0,0.0,0.0,0.0,0.0,0.0,0.0,0.0,0.0,0.0,0.0,0.0,0.0,0.0,0.0,0.0,0.0,0.0,0.0,0.0,0.0,0.0,0.0,0.0,0.0,0.0,0.0,0.0,0.0,0.0,0.0,0.0,0.0,0.0,0.0,0.0,0.0,0.0,0.0,0.0,0.0,0.0,0.0,0.0,0.0,0.0,0.0,
0.0,0.0,0.0,0.0,0.0,0.0,0.0,0.0,0.0,0.0,0.0,0.0,0.0,0.0,0.0,0.04754592419121003,0.003851219859488007,0.0,0.0,0.0,0.0,0.0,0.0,0.5314410000000002,0.0,0.11504271102963719,0.06707609999999997,0.0,0.0,0.0,0.0,0.0,0.6561000000000001,0.0,0.81,6.148631798831905,0.04400862920999998,0.05433164100000004,0.0,0.0,0.0,0.0,0.0,0.0,0.0,0.0,0.0,0.0,0.0,0.0,0.0,0.0,0.0,0.0,0.0,0.0,0.0,0.0,0.0,0.0,0.0,0.0,0.0,0.0,0.0,0.0,0.0,0.0,0.0,0.0,0.0,0.0,0.0,0.0,0.0,0.0,0.0,0.0,0.0,0.0,0.0,0.0,0.0,0.0,0.0,0.0,0.0,0.0,0.0,0.0,0.0,0.0,0.0,0.0,0.0,0.0,0.0,0.0,0.0,0.0,
0.0,0.0,0.0,0.0,0.4789301423000798,2.0115518390941234,0.0,0.0,0.0,0.0,0.0,0.0,0.0,0.0,0.0,1.0636644458987101,0.08639731777921077,0.0,0.03917251611000001,0.0,0.0,0.0,0.0,0.0,0.0,0.9796086273591,1.1085182100000002,2.0631510000000004,0.15207486021,0.0,0.0,0.0,0.0,0.0,0.0,0.183356476192791,1.81,0.04906027772099997,0.18997478259831976,0.00039172516109999976,0.0,0.0,0.0,0.0,0.0,0.0,0.0,0.0,0.0,0.0,0.0,0.0,0.0,0.0,0.0,0.0,0.0,0.0,0.0,0.0,0.0,0.0,0.0,0.0,0.0,0.0,0.0,0.0,0.0,0.0,0.0,0.0,0.0,0.0,0.0,0.0,0.0,0.0,0.0,0.0,0.0,0.0,0.0,0.0,0.0,0.0,0.0,0.0,0.0,0.0,0.0,0.0,0.0,0.0,0.0,0.0,0.0,0.0,0.0,0.0,
0.0,0.0,0.0,0.0,0.003781850554032601,0.01588412957390536,0.0,0.0,0.0035646989660099975,0.0,0.0,0.0,0.0,0.0,0.0,0.00839917895897726,0.0006822325747572482,0.03917251611000001,0.14459891597261093,0.0028874061624680997,0.0,0.0,0.0,0.0,0.0,0.007735435928757809,0.008753364711000008,2.6064674100000005,0.1935065940190111,0.002338798991599161,0.0,0.0,0.0,0.0,0.0,0.0014478662540322975,0.01147738409999999,2.5471,2.5443801749778134,0.017418271612973185,0.0,0.0,0.0,0.0,0.0,0.0,0.0,0.012804164100000001,0.26064674099999996,0.21112386021000007,0.0,0.0,0.0,0.0,0.0,0.0,0.0,0.0,0.5314410000000002,0.0966309072921,0.0,0.0,0.0,0.0,0.0,0.0,0.0,0.0,0.0,0.0,0.0,0.0,0.0,0.0,0.0,0.0,0.0,0.0,0.0,0.0,0.0,0.0,0.0,0.0,0.0,0.0,0.0,0.0,0.0,0.0,0.0,0.0,0.0,0.0,0.0,0.0,0.0,0.0,0.0,0.0,
0.0,0.0,0.0,0.0,0.0,0.0,0.0010812118643610622,0.003486784400999997,0.005362771130999998,0.023654097831166204,0.0,0.0,0.0,0.0,0.0,0.0,0.0,0.0005314409999999988,0.0017754431309999971,0.050302993516110006,0.0,0.0,0.0,0.0,0.0,0.0,0.0,0.0,0.2620003743710999,0.0006777814853304804,0.0,0.0,0.0,0.0,0.0,0.0,0.0005970509999999995,0.047158550803791,3.8282535100000006,0.20979972778427003,0.0,0.0,0.0,0.0,0.0,0.0,0.0,0.32769805208779773,0.0015595279291098214,0.0,0.0,0.0,0.0,0.0,0.0,0.0,0.0,6.765026668112812,0.005395409999999996,0.0,0.0,0.0,0.0,0.0,0.0,0.0,0.0,0.6561000000000001,0.0,0.0,0.0,0.0,0.0,0.0,0.0,0.0,0.0,0.0,0.0,0.0,0.0,0.0,0.0,0.0,0.0,0.0,0.0,0.0,0.0,0.0,0.0,0.0,0.0,0.0,0.0,0.0,0.0,0.0,0.0,0.0,
0.0,0.0,0.0,0.0,0.00038882378848637895,0.0910543944743517,0.12414076432170901,0.23517587652298433,4.65593569299382,4.853058533783019,0.0,0.0,0.0,0.0,0.008401940492222851,0.011508618212540676,0.06832996774128852,0.08847362795084687,0.15917692227523708,0.863516943098901,0.0,0.0,0.0,0.0,0.0,0.0003534988696650681,0.017781940234369544,0.016788453226019566,0.3659829088383044,0.9568462827724881,0.0,0.0,0.0,0.0,0.0,3.966776342622841e-05,0.0002960733198756164,0.0004224036614992279,0.029601376571632268,5.767727251463631,0.0,0.0,0.0,0.0,0.0,0.0,0.0,0.0,0.0,0.0013341509999999987,0.0,0.0,0.0,0.0,0.0,0.0,0.0,0.0,0.0,5.9705099999999883e-05,0.0,0.0,0.0,0.0,0.0,0.0,0.0,0.0,0.0,0.0,0.0,0.0,0.0,0.0,0.0,0.0,0.0,0.0,0.0,0.0,0.0,0.0,0.0,0.0,0.0,0.0,0.0,0.0,0.0,0.0,0.0,0.0,0.0,0.0,0.0,0.0,0.0,0.0,0.0,0.0,
0.0,0.0,0.0,0.0,0.0,0.0,0.0,0.0,0.0,0.0,0.0,0.0,0.0,0.0,0.0,0.0,0.0,0.0,0.0,0.0,0.0,0.0,0.0,0.0,0.0,0.0,0.0,0.0,0.0,0.0,0.0,0.0,0.0,0.0,0.0,0.0,0.0,0.0,0.0,0.0,1.0,0.0,0.0,0.0,0.0,0.0,0.0,0.0,0.0,0.0,0.0,0.0,0.0,0.0,0.0,0.0,0.0,0.0,0.0,0.0,0.0,0.0,0.0,0.0,0.0,0.0,0.0,0.0,0.0,0.0,0.0,0.0,0.0,0.0,0.0,0.0,0.0,0.0,0.0,0.0,0.0,0.0,0.0,0.0,0.0,0.0,0.0,0.0,0.0,0.0,0.0,0.0,0.0,0.0,0.0,0.0,0.0,0.0,0.0,0.0,
0.0,0.00018944271831953198,0.00028874072159105693,0.00023387989915991616,0.0,0.0,0.0,0.0,0.0,0.0,0.0,0.053144074116047636,0.00035646989660099976,0.0,0.0,0.0,0.0,0.0,0.0,0.0,0.0,0.6557877345516829,0.0,0.0,0.0,0.0,0.0,0.0,0.0,0.0,0.0,7.18454255829796,0.5375449251000002,0.0,0.0,0.0,0.0,0.0,0.0,0.0,0.0,3.217861,0.0,0.0,0.0,0.0,0.0,0.0,0.0,0.0,0.0,0.0,0.06103925099999996,0.0,0.0,0.0,0.0,0.0,0.0,0.0,0.0,0.0,0.0,0.0,0.0,0.0,0.0,0.0,0.0,0.0,0.0,0.0,0.0,0.0,0.0,0.0,0.0,0.0,0.0,0.0,0.0,0.0,0.0,0.0,0.0,0.0,0.0,0.0,0.0,0.0,0.0,0.0,0.0,0.0,0.0,0.0,0.0,0.0,0.0,0.0,
0.0,0.0,0.0,0.0,0.0,0.0,0.0,0.0,0.0,0.0,0.0,0.0,0.0,0.0,0.0,0.0,0.0,0.0,0.0,0.0,0.0,0.0,0.0,0.0,0.0,0.0,0.0,0.0,0.0,0.0,0.0,0.0,0.0,0.0,0.0,0.0,0.0,0.0,0.0,0.0,0.0,0.0,1.0,0.0,0.0,0.0,0.0,0.0,0.0,0.0,0.0,0.0,0.81,0.0,0.0,0.0,0.0,0.0,0.0,0.0,0.0,0.0,0.0,0.6561000000000001,0.0,0.0,0.0,0.0,0.0,0.0,0.0,0.0,0.0,0.0,0.0,0.0,0.0,0.0,0.0,0.0,0.0,0.0,0.0,0.0,0.0,0.0,0.0,0.0,0.0,0.0,0.0,0.0,0.0,0.0,0.0,0.0,0.0,0.0,0.0,0.0,
0.0,0.012429336748944494,0.018944278743589265,0.015344860183882092,0.0,0.034867844009999975,0.0,0.0,0.0,0.0,0.0,3.486782702753891,0.023387989915991603,0.5314410000000002,0.07791456500999996,0.0,0.0,0.0,0.0,0.0,0.0,4.3026233263935945,0.0,0.005314409999999998,0.0,0.0,0.0,0.0,0.0,0.0,0.0,0.0,0.6561000000000001,1.4661,0.06560999999999997,0.0,0.0,0.0,0.0,0.0,0.0,0.0,0.05314409999999998,1.81,0.0,0.0,0.0,0.0,0.0,0.0,0.0,0.0,0.0,0.1466099999999999,0.0,0.0,0.0,0.0,0.0,0.0,0.0,0.0,0.0,0.06560999999999995,0.005314409999999999,0.0,0.0,0.0,0.0,0.0,0.0,0.0,0.0,0.0,0.0,0.0,0.0,0.0,0.0,0.0,0.0,0.0,0.0,0.0,0.0,0.0,0.0,0.0,0.0,0.0,0.0,0.0,0.0,0.0,0.0,0.0,0.0,0.0,0.0,0.0,
0.0,0.0,0.0,0.0,0.0,0.0,0.0,0.0,0.0,0.0,0.0,0.0,0.0,0.0,0.0,0.0,0.0,0.0,0.0,0.0,0.0,0.0,0.0,0.0,0.0,0.0,0.0,0.0,0.0,0.0,0.0,0.0,0.0,0.0,0.0,0.0,0.0,0.0,0.0,0.0,0.0,0.0,0.0,0.0,1.0,0.0,0.0,0.0,0.0,0.0,0.0,0.0,0.0,0.0,0.0,0.0,0.0,0.0,0.0,0.0,0.0,0.0,0.0,0.0,0.0,0.0,0.0,0.0,0.0,0.0,0.0,0.0,0.0,0.0,0.0,0.0,0.0,0.0,0.0,0.0,0.0,0.0,0.0,0.0,0.0,0.0,0.0,0.0,0.0,0.0,0.0,0.0,0.0,0.0,0.0,0.0,0.0,0.0,0.0,0.0,
0.0,0.0,0.0,0.0,0.0,0.0,0.0,0.0,0.0,0.0,0.0,0.0,0.0,0.0,0.0,0.0,0.0,0.0,0.0,0.0,0.0,0.0,0.0,0.0,0.0,0.0,0.0,0.0,0.0,0.0,0.0,0.0,0.0,0.0,0.0,0.0,0.0,0.0,0.0,0.0,0.0,0.0,0.0,0.0,0.0,1.0,0.0,0.0,0.0,0.0,0.0,0.0,0.0,0.0,0.0,0.0,0.0,0.0,0.0,0.0,0.0,0.0,0.0,0.0,0.0,0.0,0.0,0.0,0.0,0.0,0.0,0.0,0.0,0.0,0.0,0.0,0.0,0.0,0.0,0.0,0.0,0.0,0.0,0.0,0.0,0.0,0.0,0.0,0.0,0.0,0.0,0.0,0.0,0.0,0.0,0.0,0.0,0.0,0.0,0.0,
0.0,0.0,0.0,0.0,0.0,0.0,0.0,0.0,0.0,0.0,0.0,0.0,0.0,0.0,0.0,0.0,0.0,0.0,0.0,0.0,0.0,0.0,0.0,0.0,0.0,0.0,0.0,0.0,0.0,0.0,0.0,0.0,0.0,0.0,0.0,0.0,0.0,0.0,0.0,0.0,0.0,0.0,0.0,0.0,0.0,0.0,1.0,0.0,0.0,0.0,0.0,0.0,0.0,0.0,0.0,0.0,0.0,0.0,0.0,0.0,0.0,0.0,0.0,0.0,0.0,0.0,0.0,0.0,0.0,0.0,0.0,0.0,0.0,0.0,0.0,0.0,0.0,0.0,0.0,0.0,0.0,0.0,0.0,0.0,0.0,0.0,0.0,0.0,0.0,0.0,0.0,0.0,0.0,0.0,0.0,0.0,0.0,0.0,0.0,0.0,
0.0,0.0,0.0,0.0,0.0,0.0,0.0,0.0,0.0,0.0,0.0,0.0,0.0,0.0,0.0,0.0,0.0,0.0,0.0,0.0,0.0,0.0,0.0,0.0,0.0,0.0,0.0,0.0,0.0,0.0,0.0,0.0,0.0,0.0,0.0,0.0,0.005433164099999997,2.064646823287013,0.11760684597109296,0.1366152956159127,0.0,0.0,0.0,0.0,0.0,0.0,0.0,9.90267389552995,2.1113105153960277,1.7101032677010006,0.0,0.0,0.0,0.0,0.0,0.0,0.0,0.019312134127107694,0.0,0.78271034906601,0.0,0.0,0.0,0.0,0.0,0.0,0.0,0.0,0.0,0.0,0.0,0.0,0.0,0.0,0.0,0.0,0.0,0.0,0.0,0.0,0.0,0.0,0.0,0.0,0.0,0.0,0.0,0.0,0.0,0.0,0.0,0.0,0.0,0.0,0.0,0.0,0.0,0.0,0.0,0.0,
0.0,0.0,0.0,0.0,0.0,0.0,0.0,0.0,0.0,0.0,0.0,0.0,0.0,0.0,0.0,0.0,0.0,0.0,0.0,0.0,0.0,0.0,0.0,0.0,0.0,0.0,0.0,0.0,0.0,0.0,0.0,0.0,0.0,0.0,0.0,0.0,0.0,0.0,0.016847618924347108,0.02079952953623096,0.0,0.0,0.0,0.0,0.0,0.0,0.0,0.5381486100000001,3.217861,0.2709751859541001,0.0,0.0,0.0,0.0,0.0,0.0,0.0,0.0,0.0,2.7257648264100003,0.0,0.0,0.0,0.0,0.0,0.0,0.0,0.0,0.0,0.04836113099999997,0.0,0.0,0.0,0.0,0.0,0.0,0.0,0.0,0.0,0.05970509999999996,0.0,0.0,0.0,0.0,0.0,0.0,0.0,0.0,0.0,0.004836113099999999,0.0,0.0,0.0,0.0,0.0,0.0,0.0,0.0,0.0,0.0,
0.0,0.0,0.0,0.0,0.0,0.0,0.0709383104207293,0.22876792454961012,0.35185141390491004,0.9184328803289813,0.0,0.0,0.0,0.0,0.0,0.0,0.0,0.034867844009999975,0.08108761554205339,0.4334970658511203,0.0,0.0,0.0,0.0,0.0,0.0,0.0,0.0,1.8176727445719072,1.3070414664626056,0.0,0.0,0.0,0.0,0.0,0.0,5.655557741502931e-06,0.0044265768937959,0.07834671928645465,4.675280724614419,0.0,0.0,0.0,0.0,0.0,0.0,0.0,0.05522871713496241,0.00019097933843939562,4.889176731631,0.0,0.0,0.0,0.0,0.0,0.0,0.0,0.05126061024337952,7.672714342019985e-07,0.00264257848510974,0.0,0.0,0.0,0.0,0.0,0.0,0.0,0.0,0.08099999999999996,9.874074873581084e-07,0.0,0.0,0.0,0.0,0.0,0.0,0.0,0.0,0.0,3.6141407593200006e-07,0.0,0.0,0.0,0.0,0.0,0.0,0.0,0.0,0.0,2.927454015049192e-08,0.0,0.0,0.0,0.0,0.0,0.0,0.0,0.0,0.0,0.0,
0.0,0.0,0.0,0.0,0.0,0.0,0.0,0.0,0.0,0.0,0.0,0.0,0.0,0.0,0.0,0.0,0.0,0.0,0.0,0.0,0.0,0.0,0.0,0.0,0.0,0.0,0.0,0.0,0.0,0.0,0.0,0.0,0.0,0.0,0.0,0.0,0.0,0.0,0.0,0.0,0.0,0.0,0.0,0.0,0.0,0.0,0.0,0.0,0.0,0.0,4.3837106941,0.0,0.0,0.0,0.0,0.0,0.0,0.0,0.0,0.0,0.81,0.0,0.0,0.0,0.0,0.0,0.0,0.0,0.0,0.0,0.0,0.0,0.0,0.0,0.0,0.0,0.0,0.0,0.0,0.0,0.0,0.0,0.0,0.0,0.0,0.0,0.0,0.0,0.0,0.0,0.0,0.0,0.0,0.0,0.0,0.0,0.0,0.0,0.0,0.0,
0.0,0.0,0.0,0.0,0.0,0.0,0.0,0.0,0.0,0.0,0.0,0.0,0.0,0.0,0.0,0.0,0.0,0.0,0.0,0.0,0.0,0.0,0.0,0.06560999999999997,0.0,0.0,0.0,0.0,0.0,0.0,0.0,0.0,0.81,0.0,0.0,0.0,0.0,0.0,0.0,0.0,0.0,0.08099999999999996,0.6561000000000001,0.0,0.0,0.0,0.0,0.0,0.0,0.0,0.0,1.0,0.0,0.0,0.0,0.0,0.0,0.0,0.0,0.0,0.0,0.0,0.0,0.0,0.0,0.0,0.0,0.0,0.0,0.0,0.0,0.0,0.0,0.0,0.0,0.0,0.0,0.0,0.0,0.0,0.0,0.0,0.0,0.0,0.0,0.0,0.0,0.0,0.0,0.0,0.0,0.0,0.0,0.0,0.0,0.0,0.0,0.0,0.0,0.0,
0.0,0.0,0.0,0.0,0.0,0.0,0.0,0.0,0.0,0.0,0.0,0.0,0.0,0.0,0.0,0.0,0.0,0.0,0.0,0.0,0.0,0.0,0.0,0.0,0.0,0.0,0.0,0.0,0.0,0.0,0.0,0.0,0.0,0.0,0.0,0.0,0.0,0.0,0.0,0.0,0.0,0.0,0.0,0.0,0.0,0.0,0.0,0.0,0.0,0.0,0.0,0.0,1.0,0.0,0.0,0.0,0.0,0.0,0.0,0.0,0.0,0.0,0.81,0.08099999999999996,0.0,0.0,0.0,0.0,0.0,0.0,0.0,0.0,0.0,0.0,0.0,0.0,0.0,0.0,0.0,0.0,0.0,0.0,0.0,0.0,0.0,0.0,0.0,0.0,0.0,0.0,0.0,0.0,0.0,0.0,0.0,0.0,0.0,0.0,0.0,0.0,
0.0,0.0,0.0,0.0,0.0,0.0,0.0,0.0,0.0,0.0,0.0,0.0,0.0,0.0,0.0,0.0,0.0,0.0,0.0,0.0,0.0,0.0,0.0,0.0,0.0,0.0,0.0,0.0,0.0,0.0,0.0,0.0,0.0,0.0,0.0,0.0,0.0,0.0,0.0,0.0,0.0,0.0,0.0,1.4661,0.0,0.0,0.0,0.0,0.0,0.0,0.0,0.0,0.0,3.217861,0.0,0.0,0.0,0.0,0.0,0.0,0.0,0.0,0.0,0.5985171000000001,0.04847988509999998,0.0,0.0,0.0,0.0,0.0,0.0,0.0,0.0,0.0,0.0,0.0,0.0,0.0,0.0,0.0,0.0,0.0,0.0,0.0,0.0,0.0,0.0,0.0,0.0,0.0,0.0,0.0,0.0,0.0,0.0,0.0,0.0,0.0,0.0,0.0,
0.0,0.0,0.0,0.0,0.0,0.0,0.0,0.0,0.0,0.0,0.0,0.0,0.0,0.0,0.0,0.0,0.0,0.0,0.0,0.0,0.0,0.0,0.0,0.0,0.0,0.0,0.0,0.0,0.0,0.0,0.0,0.0,0.0,0.0,0.0,0.0,0.0,0.0,0.0,0.0,0.0,0.0,0.0,0.0,0.0,0.0,0.0,0.0,0.0,0.0,0.0,0.0,0.0,0.0,1.0,0.0,0.0,0.0,0.0,0.0,0.0,0.0,0.0,0.0,0.0,0.0,0.0,0.0,0.0,0.0,0.0,0.0,0.0,0.0,0.0,0.0,0.0,0.0,0.0,0.0,0.0,0.0,0.0,0.0,0.0,0.0,0.0,0.0,0.0,0.0,0.0,0.0,0.0,0.0,0.0,0.0,0.0,0.0,0.0,0.0,
0.0,0.0,0.0,0.0,0.0,0.0,0.0,0.0,0.0,0.0,0.0,0.0,0.0,0.0,0.0,0.0,0.0,0.0,0.0,0.0,0.0,0.0,0.0,0.0,0.0,0.0,0.0,0.0,0.0,0.0,0.0,0.0,0.0,0.0,0.0,0.0,0.0,0.0,0.0,0.0,0.0,0.0,0.0,0.0,0.0,0.0,0.0,0.0,0.0,0.0,0.0,0.0,0.0,0.0,0.0,1.0,0.0,0.0,0.0,0.0,0.0,0.0,0.0,0.0,0.0,0.0,0.0,0.0,0.0,0.0,0.0,0.0,0.0,0.0,0.0,0.0,0.0,0.0,0.0,0.0,0.0,0.0,0.0,0.0,0.0,0.0,0.0,0.0,0.0,0.0,0.0,0.0,0.0,0.0,0.0,0.0,0.0,0.0,0.0,0.0,
0.0,0.0,0.0,0.0,0.0,0.0,0.0,0.0,0.0,0.0,0.0,0.0,0.0,0.0,0.0,0.0,0.0,0.0,0.0,0.0,0.0,0.0,0.0,0.0,0.0,0.0,0.0,0.0,0.0,0.0,0.0,0.0,0.0,0.0,0.0,0.0,0.0,0.0,0.0,0.0,0.0,0.0,0.0,0.0,0.0,0.0,0.0,0.0,0.0,0.0,0.0,0.0,0.0,0.0,0.0,0.0,1.0,0.0,0.0,0.0,0.0,0.0,0.0,0.0,0.0,0.0,0.0,0.0,0.0,0.0,0.0,0.0,0.0,0.0,0.0,0.0,0.0,0.0,0.0,0.0,0.0,0.0,0.0,0.0,0.0,0.0,0.0,0.0,0.0,0.0,0.0,0.0,0.0,0.0,0.0,0.0,0.0,0.0,0.0,0.0,
0.0,0.0,0.0,0.0,0.0,0.0,0.0,0.0,0.0,0.0,0.0,0.0,0.0,0.0,0.0,0.0,0.0,0.0,0.0,0.0,0.0,0.0,0.0,0.0,0.0,0.0,0.0,0.0,0.0,0.0,0.0,0.0,0.0,0.0,0.0,0.0,0.0,0.0040047852581099955,0.0189275718779702,0.00040047852581099946,0.0,0.0,0.0,0.0,0.0,0.0,0.0,0.03964654964046882,0.00019253431223578026,0.0,0.0,0.0,0.0,0.0,0.0,0.0,0.0,8.351884775447916,0.0,0.0,0.0,0.0,0.0,0.0,0.0,0.0,0.0,0.891,0.0,0.0,0.0,0.0,0.0,0.0,0.0,0.0,0.0,0.6561000000000001,0.0,0.0,0.0,0.0,0.0,0.0,0.0,0.0,0.0,0.0,0.0,0.0,0.0,0.0,0.0,0.0,0.0,0.0,0.0,0.0,0.0,0.0,
0.0,0.0,0.0,0.0,0.0,0.0,0.0,0.0,0.0,0.009074084628333595,0.0,0.0,0.0,0.0,0.0,0.0,0.0,0.0,0.00043046720999999956,0.041063647282821955,0.0,0.0,0.0,0.0,0.0,0.0,0.0,0.0,0.08472050495520146,0.00025149061205538776,0.0,0.0,0.0,0.0,0.0,0.0,0.03172973804909998,0.779188696821,2.2500458119146023,0.7109827508739578,0.0,0.0,0.0,0.0,0.0,0.0,0.0,0.3492098811000001,0.0011875409999999986,2.7235959860972057,0.0,0.0,0.0,0.0,0.0,0.0,0.0,0.0,1.0,2.6064674100000005,0.0,0.0,0.0,0.0,0.0,0.0,0.0,0.0,0.0,0.011923771130999985,0.0,0.0,0.0,0.0,0.0,0.0,0.0,0.0,0.0,0.08536437720000001,0.0,0.0,0.0,0.0,0.0,0.0,0.0,0.0,0.0,0.00035351455319999946,0.0,0.0,0.0,0.0,0.0,0.0,0.0,0.0,0.0,0.0,
0.0,0.0,0.0,0.0,0.0,0.0,0.0,0.0,0.0,0.0024197477329913715,0.0,0.0,0.0,0.0,0.0,0.0,0.0,0.0,8.567891801999989e-05,0.010950268979275906,0.0,0.0,0.0,0.0,0.0,0.0,0.0,0.0,0.3911150368758622,0.8235566825178394,0.0,0.0,0.0,0.0,0.0,0.0,0.006315393047254196,0.155087409508002,0.5431459480406411,3.3509469672295724,0.0,0.0,0.0,0.0,0.0,0.0,0.0,0.06944953131720003,0.00011085182099999978,3.4445985192136694,0.0,0.0,0.0,0.0,0.0,0.0,0.0,0.0,0.0008567891801999995,3.217861,0.0,0.0,0.0,0.0,0.0,0.0,0.0,0.0,0.0,0.0011130325126109985,0.0,0.0,0.0,0.0,0.0,0.0,0.0,0.0,0.0,0.0004073957532000004,0.0,0.0,0.0,0.0,0.0,0.0,0.0,0.0,0.0,3.299905600919992e-05,0.0,0.0,0.0,0.0,0.0,0.0,0.0,0.0,0.0,0.0,
0.0,0.0,0.0,0.0,0.0,0.0,0.0,0.0,0.0,0.0,0.0,0.0,0.0,0.0,0.0,0.0,0.0,0.0,0.0,0.0,0.0,0.0,0.0,0.0,0.0,0.0,0.0,0.0,0.0,0.0,0.0,0.0,0.0,0.0,0.0,0.0,0.0,0.0,0.0,0.0,0.0,0.6561000000000001,0.0,0.0,0.0,0.0,0.0,0.0,0.0,0.0,0.0006707609999999998,0.891,0.0,0.0,0.0,0.0,0.0,0.0,0.0,0.0,2.5471,0.0,0.0,0.0,0.0,0.0,0.0,0.0,0.0,0.0,0.007370999999999989,0.0,0.0,0.0,0.0,0.0,0.0,0.0,0.0,0.0,0.0,0.0,0.0,0.0,0.0,0.0,0.0,0.0,0.0,0.0,0.0,0.0,0.0,0.0,0.0,0.0,0.0,0.0,0.0,0.0,
0.0,0.0,0.0,0.0,0.0,0.0,0.0,0.0,0.0,0.0,0.0,0.0,0.0,0.0,0.0,0.0,0.0,0.0,0.0,0.0,0.0,0.0,0.0,0.0,0.0,0.0,0.0,0.0,0.0,0.0,0.0,0.0,0.0,0.0,0.0,0.0,0.0,0.0,0.0,0.0,0.0,0.0,0.0,0.0,0.0,0.0,0.0,0.0,0.0,0.0,0.0,0.0,0.0,0.0,0.0,0.0,0.0,0.0,0.0,0.0,0.0,1.0,0.0,0.0,0.0,0.0,0.0,0.0,0.0,0.0,0.0,0.0,0.0,0.0,0.0,0.0,0.0,0.0,0.0,0.0,0.0,0.0,0.0,0.0,0.0,0.0,0.0,0.0,0.0,0.0,0.0,0.0,0.0,0.0,0.0,0.0,0.0,0.0,0.0,0.0,
0.0,0.0,0.0,0.0,0.0,0.0,0.0,0.0,0.0,0.0,0.0,0.0,0.0,0.0,0.0,0.0,0.0,0.0,0.0,0.0,0.0,0.0,0.0,0.0,0.0,0.0,0.0,0.0,0.0,0.0,0.0,0.0,0.0,0.0,0.0,0.0,0.0,0.0,0.0,0.0,0.0,0.0,0.0,0.0,0.0,0.0,0.0,0.0,0.0,0.0,0.0,0.0,0.0,0.0,0.0,0.0,0.0,0.0,0.0,0.0,0.0,0.0,1.0,0.0,0.0,0.0,0.0,0.0,0.0,0.0,0.0,0.0,0.81,0.0,0.0,0.0,0.0,0.0,0.0,0.0,0.0,0.0,0.0,0.0,0.0,0.0,0.0,0.0,0.0,0.0,0.0,0.0,0.0,0.0,0.0,0.0,0.0,0.0,0.0,0.0,
0.0,0.0,0.0,0.0,0.0,0.0,0.0,0.0,0.0,0.0,0.0,0.0,0.0,0.0,0.0,0.0,0.0,0.0,0.0,0.0,0.0,0.0,0.0,0.0,0.0,0.0,0.0,0.0,0.0,0.0,0.0,0.0,0.0,0.0,0.0,0.0,0.0,0.0,0.0,0.0,0.0,0.0,0.0,0.0,0.0,0.0,0.0,0.0,0.0,0.0,0.0,0.0,0.0,0.007370999999999989,0.0,0.0,0.0,0.0,0.0,0.0,0.0,0.0,0.0,1.81,0.6131781000000002,0.06560999999999995,0.0,0.0,0.0,0.0,0.0,0.0,0.0,1.4661,0.0,0.0,0.0,0.0,0.0,0.0,0.0,0.0,0.0,0.0,0.0,0.0,0.0,0.0,0.0,0.0,0.0,0.0,0.0,0.0,0.0,0.0,0.0,0.0,0.0,0.0,
0.0,0.0,0.0,0.0,0.0,0.0,0.0,0.0,0.0,0.0,0.0,0.0,0.0,0.0,0.0,0.0,0.0,0.0,0.0,0.0,0.0,0.0,0.0,0.0,0.0,0.0,0.0,0.0,0.0,0.0,0.0,0.0,0.0,0.0,0.0,0.0,0.0,0.0,0.0,0.0,0.0,0.0,0.0,0.0,0.0,0.0,0.0,0.0,0.0,0.0,0.0,0.0,0.0,0.004944179330999998,0.0,0.0,0.0,0.5314410000000002,0.0,0.0,0.0,0.0,0.0,0.12140774100000007,3.8282535100000006,7.0446272420993195,1.7010913647228196,0.0,0.0,0.0,0.0,0.0,0.0,0.0,0.0,0.0,0.0,0.0,0.0,0.0,0.0,0.0,0.0,0.0,0.0,0.0,0.0,0.0,0.0,0.0,0.0,0.0,0.0,0.0,0.0,0.0,0.0,0.0,0.0,0.0,
0.0,0.0,0.0,0.0,0.0,0.0,0.0,0.0,0.0,0.0,0.0,0.0,0.0,0.0,0.0,0.0,0.0,0.0,0.0,0.0,0.0,0.0,0.0,0.0,0.0,0.0,0.0,0.0,0.0,0.0,0.0,0.0,0.0,0.0,0.0,0.0,0.0,0.0,0.0,0.0,0.0,0.0,0.0,0.0,0.0,0.0,0.0,0.0,0.0,0.0,0.0,0.0,0.0,0.0,0.0,0.0,0.0,0.010933431588156087,0.0,0.0,0.0,0.0,0.0,0.0,0.053910613533112016,9.77256525616928,0.07119131110396926,0.0,0.0,0.0,0.0,0.0,0.0,0.0,0.0,0.6561000000000001,2.0631510000000004,0.0,0.0,0.0,0.0,0.0,0.0,0.0,0.0,0.0,0.0,0.0,0.0,0.0,0.0,0.0,0.0,0.0,0.0,0.0,0.0,0.0,0.0,0.0,
0.0,0.0,0.0,0.0,0.0,0.0,0.0,0.0,0.0,0.0,0.0,0.0,0.0,0.0,0.0,0.0,0.0,0.0,0.0,0.0,0.0,0.0,0.0,0.0,0.0,0.0,0.0,0.0,0.0,0.0,0.0,0.0,0.0,0.0,0.0,0.0,0.0,0.0,0.0,0.0,0.0,0.0,0.0,0.0,0.0,0.0,0.0,0.0,0.0,0.0,0.0,0.0,0.0,0.0,0.0,0.0,0.0,0.08099999999999996,0.0,0.0,0.0,0.0,0.0,0.0,0.5314410000000002,4.984143982788962,2.5471,0.0,0.0,0.0,0.0,0.0,0.0,0.0,0.0,0.0,2.0631510000000004,0.0,0.0,0.0,0.0,0.0,0.0,0.0,0.0,0.0,0.0,0.0,0.0,0.0,0.0,0.0,0.0,0.0,0.0,0.0,0.0,0.0,0.0,0.0,
0.0,0.0,0.0,0.0,0.0,0.0,0.0,0.0,0.0,0.0,0.0,0.0,0.0,0.0,0.0,0.0,0.0,0.0,0.0,0.0,0.0,0.0,0.0,0.0,0.0,0.0,0.0,0.0,0.0,0.0,0.0,0.0,0.0,0.0,0.0,0.0,0.0,0.0,0.0,0.0,0.0,0.0,0.0,0.0,0.0,0.0,0.0,0.0,0.0,0.0,0.0,0.0,0.0,0.0,0.0,0.0,0.0,0.0,0.81,0.0,0.0,0.0,0.0,0.0,0.0,0.0,0.0,1.81,0.0,0.0,0.0,0.0,0.0,0.0,0.0,0.0,0.07370999999999994,0.007370999999999989,0.0,0.6561000000000001,0.0,0.0,0.0,0.0,0.0,0.0,0.0,0.0,0.0,0.0,0.0,0.0,0.0,0.0,0.0,0.0,0.0,0.0,0.0,0.0,
0.0,0.0,0.0,0.0,0.0,0.0,0.0,0.0,0.0,0.0,0.0,0.0,0.0,0.0,0.0,0.0,0.0,0.0,0.0,0.0,0.0,0.0,0.0,0.0,0.0,0.0,0.0,0.0,0.0,0.0,0.0,0.0,0.0,0.0,0.0,0.0,0.0,0.0,0.0,0.0,0.0,0.0,0.0,0.0,0.0,0.0,0.0,0.0,0.0,0.0,0.0,0.0,0.0,0.0,0.0,0.0,0.0,0.0,0.0,0.0,0.0,0.0,0.0,0.0,0.0,0.0,0.0,0.0,1.0,0.0,0.0,0.0,0.0,0.0,0.0,0.0,0.0,0.0,0.0,0.0,0.0,0.0,0.0,0.0,0.0,0.0,0.0,0.0,0.0,0.0,0.0,0.0,0.0,0.0,0.0,0.0,0.0,0.0,0.81,0.0,
0.0,0.0,0.0,0.0,0.0,0.0,0.0,0.0,0.0,0.000734408043270714,0.0,0.0,0.0,0.0,0.0,0.0,0.0,0.0,6.214898617036188e-07,0.0033234727342491485,0.0,0.0,0.0,0.0,0.0,0.0,0.0,0.0,0.00955209498333904,0.006043115652416624,0.0,0.0,0.0,0.0,0.0,0.0,4.581001770617376e-05,0.03328516405776972,0.26879834202605,0.31367594081690164,0.0,0.0,0.0,0.0,0.0,0.0,0.0,0.4484154907931954,0.003922014641359103,4.17298050817862,0.0,0.0,0.0,0.0,0.0,0.0,0.0,0.41521094297137445,6.214898617036191e-06,0.3063359102183889,0.0,0.0,0.0,0.0,0.0,0.0,0.0,0.0,0.6561000000000001,1.81,0.0,0.0,0.0,0.0,0.0,0.0,0.0,0.0,0.0,0.009387781854015051,0.0,0.0,0.0,0.0,0.0,0.0,0.0,0.0,0.0,0.0007604103301752183,0.0,0.0,0.0,0.0,0.0,0.0,0.0,0.0,0.0,0.0,
0.0,0.0,0.0,0.0,0.0,0.0,0.0,0.0,0.0,0.0,0.0,0.0,0.0,0.0,0.0,0.0,0.0,0.0,0.0,0.0,0.0,0.0,0.0,0.0,0.0,0.0,0.0,0.0,0.0,0.0,0.0,0.0,0.0,0.0,0.0,0.0,0.0,0.0,0.0,0.0,0.0,0.0,0.0,0.0,0.0,0.0,0.0,0.0,0.0,0.0,0.05970509999999996,0.0,0.0,0.0,0.0,0.0,0.0,0.0,0.0,0.0,1.4742,0.0,0.0,0.0,0.0,0.0,0.0,0.0,0.0,0.0,1.0,0.0,0.0,0.0,0.0,0.0,0.0,0.0,0.0,0.0,0.08099999999999996,0.0,0.0,0.0,0.0,0.0,0.0,0.0,0.0,0.0,0.0,0.0,0.0,0.0,0.0,0.0,0.0,0.0,0.0,0.0,
0.0,0.0,0.0,0.0,0.0,0.0,0.0,0.0,0.0,0.0,0.0,0.0,0.0,0.0,0.0,0.0,0.0,0.0,0.0,0.0,0.0,0.0,0.0,0.0,0.0,0.0,0.0,0.0,0.0,0.0,0.0,0.0,0.0,0.0,0.0,0.0,0.0,0.0,0.0,0.0,0.0,0.0,0.0,0.0,0.0,0.0,0.0,0.0,0.0,0.0,0.0,0.0,0.0,0.0,0.0,0.0,0.0,0.0,0.0,0.0,0.0,0.0,0.0,0.0,0.0,0.0,0.0,0.0,0.0,0.0,0.0,1.0,0.0,0.0,0.0,0.0,0.0,0.0,0.0,0.0,0.0,0.81,0.6561000000000001,0.0,0.0,0.0,0.0,0.0,0.0,0.0,0.0,0.0,0.0,0.0,0.0,0.0,0.0,0.0,0.0,0.0,
0.0,0.0,0.0,0.0,0.0,0.0,0.0,0.0,0.0,0.0,0.0,0.0,0.0,0.0,0.0,0.0,0.0,0.0,0.0,0.0,0.0,0.0,0.0,0.0,0.0,0.0,0.0,0.0,0.0,0.0,0.0,0.0,0.0,0.0,0.0,0.0,0.0,0.0,0.0,0.0,0.0,0.0,0.0,0.0,0.0,0.0,0.0,0.0,0.0,0.0,0.0,0.0,0.0,0.0,0.0,0.0,0.0,0.0,0.0,0.0,0.0,0.0,0.0,0.0,0.0,0.0,0.0,0.0,0.0,0.0,0.0,0.81,4.3837106941,0.0,0.0,0.0,0.0,0.0,0.0,0.0,0.0,0.0,0.06103925099999996,0.0,0.0,0.0,0.0,0.0,0.0,0.0,0.0,0.0,0.04944179331000004,0.0,0.0,0.0,0.0,0.0,0.0,0.0,
0.0,0.0,0.0,0.0,0.0,0.0,0.0,0.0,0.0,0.0,0.0,0.0,0.0,0.0,0.0,0.0,0.0,0.0,0.0,0.0,0.0,0.0,0.0,0.0,0.0,0.0,0.0,0.0,0.0,0.0,0.0,0.0,0.0,0.0,0.0,0.0,0.0,0.0,0.0,0.0,0.0,0.0,0.0,0.0,0.0,0.0,0.0,0.0,0.0,0.0,0.0,0.0,0.0,0.0,0.0,0.0,0.0,0.0,0.0,0.0,0.0,0.0,0.0,0.05554571841,0.044992031912099995,0.0,0.0,0.0,0.0,0.0,0.0,0.0,2.0631510000000004,4.3837106941,0.0,0.0,0.0,0.0,0.0,0.0,0.0,0.0,0.6561000000000001,0.0,0.0,0.0,0.0,0.0,0.0,0.0,0.0,0.0,0.5314410000000002,0.0,0.0,0.0,0.0,0.0,0.0,0.0,
0.0,0.0,0.0,0.0,0.0,0.0,0.0,0.0,0.0,0.0,0.0,0.0,0.0,0.0,0.0,0.0,0.0,0.0,0.0,0.0,0.0,0.0,0.0,0.0,0.0,0.0,0.0,0.0,0.0,0.0,0.0,0.0,0.0,0.0,0.0,0.0,0.0,0.0,0.0,0.0,0.0,0.0,0.0,0.0,0.0,0.0,0.0,0.0,0.0,0.0,0.0,0.0,0.0,0.0,0.0,0.0,0.0,0.0,0.0,0.0,0.0,0.0,0.0,0.0,0.0,0.0,0.0,0.0,0.0,0.0,0.0,0.0,0.0,0.0,1.0,0.0,0.0,0.0,0.0,0.0,0.0,0.0,0.0,0.0,0.0,0.0,0.0,0.0,0.0,0.0,0.0,0.0,0.0,0.0,0.0,0.0,0.0,0.0,0.0,0.0,
0.0,0.0,0.0,0.0,0.0,0.0,0.0,0.0,0.0,0.0,0.0,0.0,0.0,0.0,0.0,0.0,0.0,0.0,0.0,0.0,0.0,0.0,0.0,0.0,0.0,0.0,0.0,0.0,0.0,0.0,0.0,0.0,0.0,0.0,0.0,0.0,0.0,0.0,0.0,0.0,0.0,0.0,0.0,0.0,0.0,0.0,0.0,0.0,0.0,0.0,0.0,0.0,0.0,0.04836113099999997,0.0,0.0,0.0,0.0,0.0,0.0,0.0,0.0,0.0,1.1875410000000002,2.0631510000000004,0.49023201510000014,0.04400862921000003,0.0,0.0,0.0,0.0,0.0,0.0,0.0,0.0,3.217861,0.0,0.0,0.0,0.0,0.0,0.0,0.0,0.0,0.0,0.0,0.0,0.0,0.0,0.0,0.0,0.0,0.0,0.0,0.0,0.0,0.0,0.0,0.0,0.0,
0.0,0.0,0.0,0.0,0.0,0.0,0.0,0.0,0.0,0.0,0.0,0.0,0.0,0.0,0.0,0.0,0.0,0.0,0.0,0.0,0.0,0.0,0.0,0.0,0.0,0.0,0.0,0.0,0.0,0.0,0.0,0.0,0.0,0.0,0.0,0.0,0.0,0.0,0.0,0.0,0.0,0.0,0.0,0.0,0.0,0.0,0.0,0.0,0.0,0.0,0.0,0.0,0.0,0.0,0.0,0.0,0.0,0.0,0.0,0.0,0.0,0.0,0.0,0.0,0.005433164099999999,0.05095518064379673,0.0037097872402158324,0.81,0.0,0.0,0.0,0.0,0.0,0.0,0.0,0.06707609999999997,3.8282535100000006,0.06560999999999997,0.0,0.0,0.0,0.0,0.0,0.0,0.0,0.0,0.0,0.0,0.0,0.0,0.0,0.0,0.0,0.0,0.0,0.0,0.0,0.0,0.0,0.0,
0.0,0.0,0.0,0.0,0.0,0.0,0.0,0.0,0.0,0.0,0.0,0.0,0.0,0.0,0.0,0.0,0.0,0.0,0.0,0.0,0.0,0.0,0.0,0.0,0.0,0.0,0.0,0.0,0.0,0.0,0.0,0.0,0.0,0.0,0.0,0.0,0.0,0.0,0.0,0.0,0.0,0.0,0.0,0.0,0.0,0.0,0.0,0.0,0.0,0.0,0.0,0.0,0.0,0.0,0.0,0.0,0.0,0.0,0.0,0.0,0.0,0.0,0.0,0.0,0.0,0.0,0.0,0.0,0.0,0.0,0.0,0.0,0.0,0.0,0.0,0.0,0.0,1.0,0.81,0.0,0.0,0.0,0.0,0.0,0.0,0.0,0.0,0.0,0.0,0.0,0.0,0.0,0.0,0.0,0.0,0.0,0.0,0.0,0.0,0.0,
0.0,0.0,0.0,0.0,0.0,0.0,0.0,0.0,0.0,0.0,0.0,0.0,0.0,0.0,0.0,0.0,0.0,0.0,0.0,0.0,0.0,0.0,0.0,0.0,0.0,0.0,0.0,0.0,0.0,0.0,0.0,0.0,0.0,0.0,0.0,0.0,0.0,0.0,0.0,0.0,0.0,0.0,0.0,0.0,0.0,0.0,0.0,0.0,0.0,0.0,0.0,0.0,0.0,0.0,0.0,0.0,0.0,0.0,0.0,0.5314410000000002,0.0,0.0,0.0,0.0,0.0,0.0,0.0,0.0,0.0,0.6620705100000001,0.0,0.0,0.0,0.0,0.0,0.0,0.0,0.0,3.8282535100000006,1.4661,0.0,0.0,0.0,0.0,0.0,0.0,0.0,0.0,0.0,0.15267191121000004,0.0,0.0,0.0,0.0,0.0,0.0,0.0,0.0,0.0,0.0,
0.0,0.0,0.0,0.0,0.0,0.0,0.0,0.0,0.0,0.005806234551373317,0.0,0.0,0.0,0.0,0.0,0.0,0.0,0.0,0.0,0.0262753960784597,0.0,0.0,0.0,0.0,0.0,0.0,0.0,0.0,0.054210109694670196,0.00016092129849687944,0.0,0.0,0.0,0.0,0.0,0.0,0.0,0.0,0.9141335080022019,2.316280603173246,0.0,0.0,0.0,0.0,0.0,0.0,0.0,0.01291401629999998,0.028857246299999972,1.7302884087234067,0.0,0.0,0.0,0.0,0.0,0.0,0.0,0.0,0.0,2.5740739807200006,0.0,0.0,0.0,0.0,0.0,0.0,0.0,0.0,0.0,1.6201480761,0.0,0.0,0.0,0.0,0.0,0.0,0.0,0.0,0.0,2.5471,0.0,0.0,0.0,0.0,0.0,0.0,0.0,0.0,0.0,0.011166541015859996,0.0,0.0,0.0,0.0,0.0,0.0,0.0,0.0,0.0,0.0,
0.0,0.0,0.0,0.0,0.0,0.0,0.0,0.0,0.0,0.0,0.0,0.0,0.0,0.0,0.0,0.0,0.0,0.0,0.0,0.0,0.0,0.0,0.0,0.0,0.0,0.0,0.0,0.0,0.0,0.0,0.0,0.0,0.0,0.0,0.0,0.0,0.0,0.0,0.0,0.0,0.0,0.0,0.0,0.0,0.0,0.0,0.0,0.0,0.0,0.0,0.005433164099999997,0.6561000000000001,0.0,0.0,0.0,0.0,0.0,0.0,0.0,0.0,2.069712,0.0,0.0,0.0,0.0,0.0,0.0,0.0,0.0,0.0,0.14076064571840996,0.0,0.0,0.0,0.0,0.0,0.0,0.0,0.0,0.0,3.8282535100000006,0.0061039250999999975,0.0,0.0,0.0,0.0,0.0,0.0,0.0,0.0,0.0006103925099999992,0.0,0.0,0.0,0.0,0.0,0.0,0.0,0.0,0.0,
0.0,0.0,0.0,0.0,0.0,0.0,0.0,0.0,0.0,0.0,0.0,0.0,0.0,0.0,0.0,0.0,0.0,0.0,0.0,0.0,0.0,0.0,0.0,0.0,0.0,0.0,0.0,0.0,0.0,0.0,0.0,0.0,0.0,0.0,0.0,0.0,0.0,0.0,0.0,0.0,0.0,0.0,0.0,0.0,0.0,0.0,0.0,0.0,0.0,0.0,0.0,0.0,0.0,0.0,0.0,0.0,0.0,0.0,0.0,0.0,0.0,0.0,0.0,0.0,0.0,0.0,0.0,0.0,0.0,0.0,0.03917251610999997,0.0,0.0,0.0,0.0,0.0,0.0,0.0,0.0,0.0,1.0019560625811001,1.0,0.08099999999999996,0.0,0.0,0.0,0.0,0.0,0.0,0.0,2.1112386021000007,0.81,0.0,0.0,0.0,0.0,0.0,0.0,0.0,0.0,
0.0,0.0,0.0,0.0,0.0,0.0,0.0,0.0,0.0,0.0,0.0,0.0,0.0,0.0,0.0,0.0,0.0,0.0,0.0,0.0,0.0,0.0,0.0,0.0,0.0,0.0,0.0,0.0,0.0,0.0,0.0,0.0,0.0,0.0,0.0,0.0,0.0,0.0,0.0,0.0,0.0,0.0,0.0,0.0,0.0,0.0,0.0,0.0,0.0,0.0,0.0,0.0,0.0,0.0,0.0,0.0,0.0,0.0,0.0,0.0,0.0,0.0,0.0,0.0,0.0,0.0,0.0,0.0,0.0,0.0,0.0,0.0,0.0,0.81,0.0,0.0,0.0,0.0,0.0,0.0,0.0,0.0,2.5471,0.0,0.0,0.0,0.0,0.0,0.0,0.0,0.0,0.0,0.06707609999999997,0.0,0.0,0.0,0.0,0.0,0.0,0.0,
0.0,0.0,0.0,0.0,0.0,0.0,0.0,0.0,0.0,0.0,0.0,0.0,0.0,0.0,0.0,0.0,0.0,0.0,0.0,0.0,0.0,0.0,0.0,0.0,0.0,0.0,0.0,0.0,0.0,0.0,0.0,0.0,0.0,0.0,0.0,0.0,0.0,0.0,0.0,0.0,0.0,0.0,0.0,0.0,0.0,0.0,0.0,0.0,0.0,0.0,0.0,0.0,0.0,0.0,0.0,0.0,0.0,0.0,0.0,0.0,0.0,0.0,0.0,0.0,0.0,0.0,0.0,0.0,0.0,0.0,0.0,0.0,0.0,0.0,0.0,0.0,0.0,0.0,0.0,0.0,0.0,0.0,0.0,1.0,0.0,0.0,0.0,0.0,0.0,0.0,0.0,0.0,0.0,0.0,0.0,0.0,0.0,0.0,0.0,0.0,
0.0,0.0,0.0,0.0,0.0,0.0,0.0,0.0,0.0,0.0,0.0,0.0,0.0,0.0,0.0,0.0,0.0,0.0,0.0,0.0,0.0,0.0,0.0,0.0,0.0,0.0,0.0,0.0,0.0,0.0,0.0,0.0,0.0,0.0,0.0,0.0,0.0,0.0,0.0,0.0,0.0,0.0,0.0,0.0,0.0,0.0,0.0,0.0,0.0,0.0,0.0,0.0,0.0,0.0,0.0,0.0,0.0,0.0,0.0,0.0,0.0,0.0,0.0,0.0,0.0,0.0,0.0,0.0,0.0,0.0,0.0,0.0,0.0,0.0,0.0,0.0,0.0,0.0,0.0,0.0,0.0,0.0,0.0,0.0,1.0,0.0,0.0,0.0,0.0,0.0,0.0,0.0,0.0,0.0,0.0,0.0,0.0,0.0,0.0,0.0,
0.0,0.0,0.0,0.0,0.0,0.0,0.0,0.0,0.0,0.0,0.0,0.0,0.0,0.0,0.0,0.0,0.0,0.0,0.0,0.0,0.0,0.0,0.0,0.0,0.0,0.0,0.0,0.0,0.0,0.0,0.0,0.0,0.0,0.0,0.0,0.0,0.0,0.0,0.0,0.0,0.0,0.0,0.0,0.0,0.0,0.0,0.0,0.0,0.0,0.0,0.0,0.0,0.0,0.0,0.0,0.0,0.0,0.0,0.0,0.0,0.0,0.0,0.0,0.0,0.0,0.0,0.0,0.0,0.0,0.0,0.0,0.0,0.0,0.0,0.0,0.0,0.0,0.0,0.0,0.0,0.0,0.0,0.0,0.0,0.0,1.0,0.0,0.0,0.0,0.0,0.0,0.0,0.0,0.0,0.0,0.0,0.0,0.0,0.0,0.0,
0.0,0.0,0.0,0.0,0.0,0.0,0.0,0.0,0.0,0.0,0.0,0.0,0.0,0.0,0.0,0.0,0.0,0.0,0.0,0.0,0.0,0.0,0.0,0.0,0.0,0.0,0.0,0.0,0.0,0.0,0.0,0.0,0.0,0.0,0.0,0.0,0.0,0.0,0.0,0.0,0.0,0.0,0.0,0.0,0.0,0.0,0.0,0.0,0.0,0.0,0.0,0.0,0.0,0.0,0.0,0.0,0.0,0.0,0.0,0.0,0.0,0.0,0.0,0.0,0.0,0.0,0.0,0.0,0.0,0.0,0.0,0.0,0.0,0.0,0.0,0.0,0.0,0.0,0.0,0.0,0.0,0.0,0.0,0.0,0.0,0.0,1.0,0.0,0.0,0.0,0.0,0.0,0.0,0.0,0.0,0.0,0.0,0.0,0.0,0.0,
0.0,0.0,0.0,0.0,0.0,0.0,0.0,0.0,0.0,0.0,0.0,0.0,0.0,0.0,0.0,0.0,0.0,0.0,0.0,0.0,0.0,0.0,0.0,0.0,0.0,0.0,0.0,0.0,0.0,0.0,0.0,0.0,0.0,0.0,0.0,0.0,0.0,0.0,0.0,0.0,0.0,0.0,0.0,0.0,0.0,0.0,0.0,0.0,0.0,0.0,0.0,0.0,0.0,0.0,0.0,0.0,0.0,0.0,0.0,0.0,0.0,0.0,0.0,0.0,0.0,0.0,0.0,0.0,0.0,0.0,0.0,0.0,0.0,0.0,0.0,0.0,0.0,0.0,0.0,0.0,0.0,0.0,0.0,0.0,0.0,0.0,0.0,1.0,0.0,0.0,0.0,0.0,0.0,0.0,0.0,0.0,0.0,0.0,0.0,0.0,
0.0,0.0,0.0,0.0,0.0,0.0,0.0,0.0,0.0,0.0,0.0,0.0,0.0,0.0,0.0,0.0,0.0,0.0,0.0,0.0,0.0,0.0,0.0,0.0,0.0,0.0,0.0,0.0,0.0,0.0,0.0,0.0,0.0,0.0,0.0,0.0,0.0,0.0,0.0,0.0,0.0,0.0,0.0,0.0,0.0,0.0,0.0,0.0,0.0,0.0,0.0,0.0,0.0,0.0,0.0,0.0,0.0,0.0,0.0,0.0,0.0,0.0,0.0,0.0,0.0,0.0,0.0,0.0,0.0,0.0,0.0,0.0,0.0,0.0,0.0,0.0,0.0,0.0,0.0,0.0,0.0,0.0,0.0,0.0,0.0,0.0,0.0,0.0,1.0,0.0,0.0,0.0,0.0,0.0,0.0,0.0,0.0,0.0,0.0,0.0,
0.0,0.0,0.0,0.0,0.0,0.0,0.0,0.0,0.0,0.0,0.0,0.0,0.0,0.0,0.0,0.0,0.0,0.0,0.0,0.0,0.0,0.0,0.0,0.0,0.0,0.0,0.0,0.0,0.0,0.0,0.0,0.0,0.0,0.0,0.0,0.0,0.0,0.0,0.0,0.0,0.0,0.0,0.0,0.0,0.0,0.0,0.0,0.034867844009999975,0.07791456500999996,0.05698211253133418,0.0,0.0,0.0,0.0,0.0,0.0,0.0,0.0,0.0,1.8986638489110004,0.0,0.0,0.0,0.0,0.0,0.0,0.0,0.0,0.0,1.25435041641,0.0,0.0,0.0,0.0,0.0,0.0,0.0,0.0,0.0,2.1448881,0.0,0.0,0.0,0.0,0.0,0.0,0.0,0.0,0.0,3.217861,0.0,0.0,0.0,0.0,0.0,0.0,0.0,0.0,0.0,0.008099999999999996,
0.0,0.0,0.0,0.0,0.0,0.0,0.0,0.0,0.0,0.0,0.0,0.0,0.0,0.0,0.0,0.0,0.0,0.0,0.0,0.0,0.0,0.0,0.0,0.0,0.0,0.0,0.0,0.0,0.0,0.0,0.0,0.0,0.0,0.0,0.0,0.0,0.0,0.0,0.0,0.0,0.0,0.0,0.0,0.0,0.0,0.0,0.0,0.0,0.0,0.0,0.0,0.0,0.0,0.0,0.0,0.0,0.0,0.0,0.0,0.0,0.05314409999999998,0.0,0.0,0.0,0.0,0.0,0.0,0.0,0.0,0.0,0.6577440223191211,0.0,0.0,0.0,0.0,0.0,0.0,0.0,0.0,0.0,3.2627667356100005,0.11505179330999993,0.0,0.0,0.0,0.0,0.0,0.0,0.0,0.0,3.217861,0.0,0.0,0.0,0.0,0.0,0.0,0.0,0.0,0.0,
0.0,0.0,0.0,0.0,0.0,0.0,0.0,0.0,0.0,0.0,0.0,0.0,0.0,0.0,0.0,0.0,0.0,0.0,0.0,0.0,0.0,0.0,0.0,0.0,0.0,0.0,0.0,0.0,0.0,0.0,0.0,0.0,0.0,0.0,0.0,0.0,0.0,0.0,0.0,0.0,0.0,0.0,0.0,0.0,0.0,0.0,0.0,0.0,0.0,0.0,0.0,0.0,0.0,0.0,0.0,0.0,0.0,0.0,0.0,0.0,0.0,0.0,0.0,0.0,0.0,0.0,0.0,0.0,0.0,0.0,0.014508339299999985,0.0,0.0,0.0,0.0,0.0,0.0,0.0,0.0,0.0,1.434937558662,0.5314410000000002,0.0,0.0,0.0,0.0,0.0,0.0,0.0,0.0,2.8671141510000004,1.0,0.0,0.0,0.0,0.0,0.0,0.0,0.0,0.0,
0.0,0.0,0.0,0.0,0.0,0.0,0.0,0.0,0.0,0.0,0.0,0.0,0.0,0.0,0.0,0.0,0.0,0.0,0.0,0.0,0.0,0.0,0.0,0.0,0.0,0.0,0.0,0.0,0.0,0.0,0.0,0.0,0.0,0.0,0.0,0.0,0.0,0.0,0.0,0.0,0.0,0.0,0.0,0.0,0.0,0.0,0.0,0.0,0.0,0.0,0.0,0.0,0.0,0.0,0.0,0.0,0.0,0.0,0.0,0.0,0.0,0.0,0.0,0.0,0.0,0.0,0.0,0.0,0.0,0.0,0.0,0.0,0.0,0.0,0.0,0.0,0.0,0.0,0.0,0.0,0.0,0.0,0.0,0.0,0.0,0.0,0.0,0.0,0.0,0.0,0.0,0.81,1.81,0.0,0.0,0.0,0.0,0.0,0.0,0.0,
0.0,0.0,0.0,0.0,0.0,0.0,0.0,0.0,0.0,0.0,0.0,0.0,0.0,0.0,0.0,0.0,0.0,0.0,0.0,0.0,0.0,0.0,0.0,0.0,0.0,0.0,0.0,0.0,0.0,0.0,0.0,0.0,0.0,0.0,0.0,0.0,0.0,0.0,0.0,0.0,0.0,0.0,0.0,0.0,0.0,0.0,0.0,0.0,0.0,0.0,0.0,0.0,0.0,0.0,0.0,0.0,0.0,0.0,0.0,0.0,0.0,0.0,0.0,0.0,0.0,0.0,0.0,0.0,0.0,0.0,0.0,0.0,0.0,0.0,0.0,0.0,0.0,0.0,0.0,0.0,0.0,0.0,0.0,0.0,0.0,0.0,0.0,0.0,0.0,0.0,0.0,0.0,0.0,1.0,0.0,0.0,0.0,0.0,0.0,0.0,
0.0,0.0,0.0,0.0,0.0,0.0,0.0,0.0,0.0,0.0,0.0,0.0,0.0,0.0,0.0,0.0,0.0,0.0,0.0,0.0,0.0,0.0,0.0,0.0,0.0,0.0,0.0,0.0,0.0,0.0,0.0,0.0,0.0,0.0,0.0,0.0,0.0,0.0,0.0,0.0,0.0,0.0,0.0,0.0,0.0,0.0,0.0,0.0,0.0,0.0,0.0,0.0,0.0,0.0,0.0,0.0,0.0,0.0,0.0,0.0,0.0,0.0,0.0,0.0,0.0,0.0,0.0,0.0,0.0,0.0,0.0,0.0,0.0,0.0,0.0,0.0,0.0,0.0,0.0,0.0,0.0,0.0,0.0,0.0,0.0,0.0,0.0,0.0,0.0,0.0,0.0,0.0,0.0,0.0,1.0,0.0,0.0,0.0,0.0,0.0,
0.0,0.0,0.0,0.0,0.0,0.0,0.0,0.0,0.0,0.0,0.0,0.0,0.0,0.0,0.0,0.0,0.0,0.0,0.0,0.0,0.0,0.0,0.0,0.0,0.0,0.0,0.0,0.0,0.0,0.0,0.0,0.0,0.0,0.0,0.0,0.0,0.0,0.0,0.0,0.0,0.0,0.0,0.0,0.0,0.0,0.0,0.0,0.0,0.0,0.0,0.0,0.0,0.0,0.0,0.0,0.0,0.0,0.0,0.0,0.0,0.0,0.0,0.0,0.0,0.0,0.0,0.0,0.0,0.0,0.0,0.0,0.0,0.0,0.0,0.0,0.0,0.0,0.0,0.0,0.0,0.0,0.0,0.0,0.0,0.0,0.0,0.0,0.0,0.0,0.0,0.0,0.0,0.0,0.0,0.0,1.0,0.0,0.0,0.0,0.0,
0.0,0.0,0.0,0.0,0.0,0.0,0.0,0.0,0.0,0.0,0.0,0.0,0.0,0.0,0.0,0.0,0.0,0.0,0.0,0.0,0.0,0.0,0.0,0.0,0.0,0.0,0.0,0.0,0.0,0.0,0.0,0.0,0.0,0.0,0.0,0.0,0.0,0.0,0.0,0.0,0.0,0.0,0.0,0.0,0.0,0.0,0.0,0.0,0.0,0.0,0.0,0.0,0.0,0.0,0.0,0.0,0.0,0.0,0.0,0.0,0.0,0.0,0.0,0.0,0.0,0.0,0.0,0.0,0.0,0.0,0.0,0.0,0.0,0.0,0.0,0.0,0.0,0.0,0.0,0.0,0.0,0.0,0.0,0.0,0.0,0.0,0.0,0.0,0.0,0.0,0.0,0.0,0.0,0.0,0.0,0.0,1.0,0.0,0.0,0.0,
0.0,0.0,0.0,0.0,0.0,0.0,0.0,0.0,0.0,0.0,0.0,0.0,0.0,0.0,0.0,0.0,0.0,0.0,0.0,0.0,0.0,0.0,0.0,0.0,0.0,0.0,0.0,0.0,0.0,0.0,0.0,0.0,0.0,0.0,0.0,0.0,0.0,0.0,0.0,0.0,0.0,0.0,0.0,0.0,0.0,0.0,0.0,0.0,0.0,0.0,0.0,0.0,0.0,0.0,0.0,0.0,0.0,0.0,0.0,0.0,0.0,0.0,0.0,0.0,0.0,0.0,0.0,0.0,0.0,0.0,0.0,0.0,0.0,0.0,0.0,0.0,0.0,0.0,0.0,0.0,0.0,0.0,0.0,0.0,0.0,0.0,0.0,0.0,0.0,0.0,0.0,0.0,0.0,0.0,0.0,0.0,0.0,1.0,0.0,0.0,
0.0,0.0,0.0,0.0,0.0,0.0,0.0,0.0,0.0,0.0,0.0,0.0,0.0,0.0,0.0,0.0,0.0,0.0,0.0,0.0,0.0,0.0,0.0,0.0,0.0,0.0,0.0,0.0,0.0,0.0,0.0,0.0,0.0,0.0,0.0,0.0,0.0,0.0,0.0,0.0,0.0,0.0,0.0,0.0,0.0,0.0,0.0,0.0,0.0,0.0,0.0,0.0,0.0,0.0,0.0,0.0,0.0,0.0,0.0,0.0,0.0,0.0,0.0,0.0,0.0,0.0,0.0,0.0,0.0,0.0,0.0,0.0,0.0,0.0,0.0,0.0,0.0,0.0,0.0,0.04836113099999997,0.0,0.0,0.0,0.0,0.0,0.0,0.0,0.0,0.0,2.1112386021000007,0.0,0.0,0.0,0.0,0.0,0.0,0.0,0.0,1.81,1.4661,
0.0,0.0,0.0,0.0,0.0,0.0,0.0,0.0,0.0,0.0,0.0,0.0,0.0,0.0,0.0,0.0,0.0,0.0,0.0,0.0,0.0,0.0,0.0,0.0,0.0,0.0,0.0,0.0,0.0,0.0,0.0,0.0,0.0,0.0,0.0,0.0,0.0,0.0,0.0,0.0,0.0,0.0,0.0,0.0,0.0,0.0,0.0,0.0,0.0,0.0,0.0,0.0,0.0,0.0,0.0,0.0,0.0,0.0,0.0,0.0,0.0,0.0,0.0,0.0,0.0,0.0,0.0,0.0,0.0,0.05314409999999998,0.0,0.0,0.0,0.0,0.0,0.0,0.0,0.0,0.0,0.6680410200000001,0.0,0.0,0.0,0.0,0.0,0.0,0.0,0.0,0.0,2.8671141510000004,0.0,0.0,0.0,0.0,0.0,0.0,0.0,0.0,0.0,1.81,
